id;plane;check_time;rate;decision
73016;N7828A;2025-02-15 17:03:24.882486;100;true
73157;N7850B;2025-02-15 17:03:24.935515;100;true
73298;N488WN;2025-02-15 17:03:25.048513;100;true
73439;N405WN;2025-02-15 17:03:25.199920;100;true
73580;N7730A;2025-02-15 17:03:25.323720;100;true
73721;N206WN;2025-02-15 17:03:25.453717;100;true
73862;N550WN;2025-02-15 17:03:25.578862;100;true
74003;N411WN;2025-02-15 17:03:25.682998;100;true
74144;N565WN;2025-02-15 17:03:25.791480;100;true
74285;N7713A;2025-02-15 17:03:25.898586;100;true
74426;N487WN;2025-02-15 17:03:26.009187;100;true
74567;N904WN;2025-02-15 17:03:26.117928;100;true
74708;N7889A;2025-02-15 17:03:26.222837;100;true
74849;N225WN;2025-02-15 17:03:26.333871;100;true
74990;N239WN;2025-02-15 17:03:26.446867;100;true
75131;N7834A;2025-02-15 17:03:26.557720;100;true
75272;N291WN;2025-02-15 17:03:26.668198;100;true
75413;N276WN;2025-02-15 17:03:26.778845;100;true
75554;N901WN;2025-02-15 17:03:26.887706;100;true
75695;N7712G;2025-02-15 17:03:26.993966;100;true
75836;N298WN;2025-02-15 17:03:27.103672;100;true
75977;N457WN;2025-02-15 17:03:27.209618;100;true
76118;N294WN;2025-02-15 17:03:27.331621;100;true
76259;N438WN;2025-02-15 17:03:27.439002;100;true
76400;N285WN;2025-02-15 17:03:27.543070;100;true
76541;N231WN;2025-02-15 17:03:27.650983;100;true
76682;N905WN;2025-02-15 17:03:27.759481;100;true
76823;N922WN;2025-02-15 17:03:27.865281;100;true
76964;N416WN;2025-02-15 17:03:27.972842;100;true
77105;N481WN;2025-02-15 17:03:28.080292;100;true
77246;N793SA;2025-02-15 17:03:28.182188;100;true
77387;N283WN;2025-02-15 17:03:28.287284;100;true
77528;N7858A;2025-02-15 17:03:28.392498;100;true
77669;N418WN;2025-02-15 17:03:28.499302;100;true
77810;N909WN;2025-02-15 17:03:28.611852;100;true
77951;N7861J;2025-02-15 17:03:28.719571;100;true
78092;N919WN;2025-02-15 17:03:28.819768;100;true
78233;N7835A;2025-02-15 17:03:28.924142;100;true
78374;N227WN;2025-02-15 17:03:29.026965;100;true
78515;N431WN;2025-02-15 17:03:29.137224;100;true
78656;N475WN;2025-02-15 17:03:29.242942;100;true
78797;N210WN;2025-02-15 17:03:29.348661;100;true
78938;N796SW;2025-02-15 17:03:29.454923;100;true
79079;N277WN;2025-02-15 17:03:29.569482;100;true
79220;N458WN;2025-02-15 17:03:29.673555;100;true
79361;N917WN;2025-02-15 17:03:29.783193;100;true
79502;N442WN;2025-02-15 17:03:29.881613;100;true
79643;N552WN;2025-02-15 17:03:29.985461;100;true
79784;N214WN;2025-02-15 17:03:30.092358;100;true
79925;N299WN;2025-02-15 17:03:30.199738;100;true
80066;N7718B;2025-02-15 17:03:30.308881;100;true
80207;N551WN;2025-02-15 17:03:30.418088;100;true
80348;N554WN;2025-02-15 17:03:30.530234;100;true
80489;N7880D;2025-02-15 17:03:30.636350;100;true
80630;N7845A;2025-02-15 17:03:30.766283;100;true
80771;N7822A;2025-02-15 17:03:30.875755;100;true
80912;N280WN;2025-02-15 17:03:30.980367;100;true
81053;N253WN;2025-02-15 17:03:31.083186;100;true
81194;N246LV;2025-02-15 17:03:31.184873;100;true
81335;N7727A;2025-02-15 17:03:31.288594;100;true
81476;N7746C;2025-02-15 17:03:31.392752;100;true
81617;N497WN;2025-02-15 17:03:31.499045;100;true
81758;N404WN;2025-02-15 17:03:31.611068;100;true
81899;N7715E;2025-02-15 17:03:31.721906;100;true
82040;N297WN;2025-02-15 17:03:31.833968;100;true
82181;N296WN;2025-02-15 17:03:31.952891;100;true
82322;N7737E;2025-02-15 17:03:32.080745;100;true
82463;N7855A;2025-02-15 17:03:32.213619;100;true
82604;N233LV;2025-02-15 17:03:32.340122;100;true
82745;N906WN;2025-02-15 17:03:32.454317;100;true
82886;N7745A;2025-02-15 17:03:32.565108;100;true
83027;N7885A;2025-02-15 17:03:32.671690;100;true
83168;N290WN;2025-02-15 17:03:32.781680;100;true
83309;N7741C;2025-02-15 17:03:32.897365;100;true
83450;N293WN;2025-02-15 17:03:33.004735;100;true
83591;N7731A;2025-02-15 17:03:33.111805;100;true
83732;N443WN;2025-02-15 17:03:33.217416;100;true
83873;N736SA;2025-02-15 17:03:33.326673;100;true
84014;N245WN;2025-02-15 17:03:33.433673;100;true
84155;N226WN;2025-02-15 17:03:33.539244;100;true
84296;N782SA;2025-02-15 17:03:33.641438;100;true
84437;N920WN;2025-02-15 17:03:33.747091;100;true
84578;N464WN;2025-02-15 17:03:33.859235;100;true
84719;N7709A;2025-02-15 17:03:33.964590;100;true
84860;N232WN;2025-02-15 17:03:34.075020;100;true
85001;N452WN;2025-02-15 17:03:34.179224;100;true
85142;N238WN;2025-02-15 17:03:34.283909;100;true
85283;N780SW;2025-02-15 17:03:34.399356;100;true
85424;N741SA;2025-02-15 17:03:34.510126;100;true
85565;N271LV;2025-02-15 17:03:34.624257;100;true
85706;N218WN;2025-02-15 17:03:34.734036;100;true
85847;N790SW;2025-02-15 17:03:34.883498;100;true
85988;N7722B;2025-02-15 17:03:34.997919;100;true
86129;N564WN;2025-02-15 17:03:35.105898;100;true
86270;N900WN;2025-02-15 17:03:35.221548;100;true
86411;N421LV;2025-02-15 17:03:35.332768;100;true
86552;N7735A;2025-02-15 17:03:35.441415;100;true
86693;N474WN;2025-02-15 17:03:35.545624;100;true
86834;N7862A;2025-02-15 17:03:35.650109;100;true
86975;N7738A;2025-02-15 17:03:35.763437;100;true
87116;N489WN;2025-02-15 17:03:35.868422;100;true
87257;N570WN;2025-02-15 17:03:35.982426;100;true
87398;N768SW;2025-02-15 17:03:36.090658;100;true
87539;N279WN;2025-02-15 17:03:36.203663;100;true
87680;N7728D;2025-02-15 17:03:36.317174;100;true
87821;N410WN;2025-02-15 17:03:36.426993;100;true
87962;N7733B;2025-02-15 17:03:36.533445;100;true
88103;N794SW;2025-02-15 17:03:36.648586;100;true
88244;N7707C;2025-02-15 17:03:36.769228;100;true
88385;N400WN;2025-02-15 17:03:36.879127;100;true
88526;N7837A;2025-02-15 17:03:36.999671;100;true
88667;N744SW;2025-02-15 17:03:37.113482;100;true
88808;N224WN;2025-02-15 17:03:37.232064;100;true
88949;N242WN;2025-02-15 17:03:37.343448;100;true
89090;N213WN;2025-02-15 17:03:37.459113;100;true
89231;N269WN;2025-02-15 17:03:37.579434;100;true
89372;N422WN;2025-02-15 17:03:37.691145;100;true
89513;N445WN;2025-02-15 17:03:37.809560;100;true
89654;N7826B;2025-02-15 17:03:37.918357;100;true
89795;N207WN;2025-02-15 17:03:38.034016;100;true
89936;N284WN;2025-02-15 17:03:38.143429;100;true
90077;N7823A;2025-02-15 17:03:38.260397;100;true
90218;N407WN;2025-02-15 17:03:38.369618;100;true
90359;N450WN;2025-02-15 17:03:38.475904;100;true
90500;N792SW;2025-02-15 17:03:38.588181;100;true
90641;N791SW;2025-02-15 17:03:38.690432;100;true
90782;N7843A;2025-02-15 17:03:38.803304;100;true
90923;N278WN;2025-02-15 17:03:38.913280;100;true
91064;N273WN;2025-02-15 17:03:39.030712;100;true
91205;N7844A;2025-02-15 17:03:39.152128;100;true
91346;N7833A;2025-02-15 17:03:39.281039;100;true
91487;N257WN;2025-02-15 17:03:39.414635;100;true
91628;N7859B;2025-02-15 17:03:39.547971;100;true
91769;N727SW;2025-02-15 17:03:39.674393;100;true
91910;N7721E;2025-02-15 17:03:39.789390;100;true
92051;N274WN;2025-02-15 17:03:39.894349;100;true
92192;N717SA;2025-02-15 17:03:40.006857;100;true
92333;N462WN;2025-02-15 17:03:40.115671;100;true
92474;N401WN;2025-02-15 17:03:40.231203;100;true
92615;N7725A;2025-02-15 17:03:40.344304;100;true
92756;N729SW;2025-02-15 17:03:40.460018;100;true
92897;N241WN;2025-02-15 17:03:40.568602;100;true
93038;N7726A;2025-02-15 17:03:40.682396;100;true
93179;N799SW;2025-02-15 17:03:40.791273;100;true
93320;N910WN;2025-02-15 17:03:40.899463;100;true
93461;N914WN;2025-02-15 17:03:41.009460;100;true
93602;N250WN;2025-02-15 17:03:41.119950;100;true
93743;N441WN;2025-02-15 17:03:41.232196;100;true
93884;N738CB;2025-02-15 17:03:41.339322;100;true
94025;N7879A;2025-02-15 17:03:41.450644;100;true
94166;N432WN;2025-02-15 17:03:41.563772;100;true
94307;N492WN;2025-02-15 17:03:41.686358;100;true
94448;N251WN;2025-02-15 17:03:41.802768;100;true
94589;N7830A;2025-02-15 17:03:41.915119;100;true
94730;N760SW;2025-02-15 17:03:42.048318;100;true
94871;N563WN;2025-02-15 17:03:42.168034;100;true
95012;N7816B;2025-02-15 17:03:42.287481;100;true
95153;N715SW;2025-02-15 17:03:42.405588;100;true
95294;N7748A;2025-02-15 17:03:42.510091;100;true
95435;N7708E;2025-02-15 17:03:42.632875;100;true
95576;N7744A;2025-02-15 17:03:42.744839;100;true
95717;N7703A;2025-02-15 17:03:42.864717;100;true
95858;N468WN;2025-02-15 17:03:42.975331;100;true
95999;N484WN;2025-02-15 17:03:43.092998;100;true
96140;N7734H;2025-02-15 17:03:43.213037;100;true
96281;N479WN;2025-02-15 17:03:43.323169;100;true
96422;N785SW;2025-02-15 17:03:43.434778;100;true
96563;N240WN;2025-02-15 17:03:43.544809;100;true
96704;N731SA;2025-02-15 17:03:43.658228;100;true
96845;N412WN;2025-02-15 17:03:43.767791;100;true
96986;N413WN;2025-02-15 17:03:43.882589;100;true
97127;N7704B;2025-02-15 17:03:44.035145;100;true
97268;N7851A;2025-02-15 17:03:44.161872;100;true
97409;N485WN;2025-02-15 17:03:44.273881;100;true
97550;N742SW;2025-02-15 17:03:44.381856;100;true
97691;N275WN;2025-02-15 17:03:44.497059;100;true
97832;N7813P;2025-02-15 17:03:44.606217;100;true
97973;N425LV;2025-02-15 17:03:44.716813;100;true
98114;N718SW;2025-02-15 17:03:44.833239;100;true
98255;N915WN;2025-02-15 17:03:44.939266;100;true
98396;N784SW;2025-02-15 17:03:45.050269;100;true
98537;N751SW;2025-02-15 17:03:45.160141;100;true
98678;N7846A;2025-02-15 17:03:45.268050;100;true
98819;N7882B;2025-02-15 17:03:45.374685;100;true
98960;N208WN;2025-02-15 17:03:45.483961;100;true
99101;N7865A;2025-02-15 17:03:45.586529;100;true
99242;N256WN;2025-02-15 17:03:45.701096;100;true
99383;N754SW;2025-02-15 17:03:45.811081;100;true
99524;N908WN;2025-02-15 17:03:45.926878;100;true
99665;N737JW;2025-02-15 17:03:46.042752;100;true
99806;N561WN;2025-02-15 17:03:46.156722;100;true
99947;N204WN;2025-02-15 17:03:46.267922;100;true
100088;N249WN;2025-02-15 17:03:46.378982;100;true
100229;N566WN;2025-02-15 17:03:46.491625;100;true
100370;N7742B;2025-02-15 17:03:46.614566;100;true
100511;N7878A;2025-02-15 17:03:46.744715;100;true
100652;N762SW;2025-02-15 17:03:46.893854;100;true
100793;N288WN;2025-02-15 17:03:47.025530;100;true
100934;N259WN;2025-02-15 17:03:47.141347;100;true
101075;N266WN;2025-02-15 17:03:47.259387;100;true
101216;N730SW;2025-02-15 17:03:47.368968;100;true
101357;N568WN;2025-02-15 17:03:47.488956;100;true
101498;N415WN;2025-02-15 17:03:47.597956;100;true
101639;N451WN;2025-02-15 17:03:47.712075;100;true
101780;N739GB;2025-02-15 17:03:47.823005;100;true
101921;N465WN;2025-02-15 17:03:47.940023;100;true
102062;N771SA;2025-02-15 17:03:48.048493;100;true
102203;N7719A;2025-02-15 17:03:48.155767;100;true
102344;N7863A;2025-02-15 17:03:48.268975;100;true
102485;N740SW;2025-02-15 17:03:48.382637;100;true
102626;N420WN;2025-02-15 17:03:48.498284;100;true
102767;N446WN;2025-02-15 17:03:48.608582;100;true
102908;N7831B;2025-02-15 17:03:48.721081;100;true
103049;N221WN;2025-02-15 17:03:48.832890;100;true
103190;N272WN;2025-02-15 17:03:48.941428;100;true
103331;N292WN;2025-02-15 17:03:49.061545;100;true
103472;N567WN;2025-02-15 17:03:49.173788;100;true
103613;N7717D;2025-02-15 17:03:49.290350;100;true
103754;N7820L;2025-02-15 17:03:49.399926;100;true
103895;N264LV;2025-02-15 17:03:49.522152;100;true
104036;N491WN;2025-02-15 17:03:49.634470;100;true
104177;N725SW;2025-02-15 17:03:49.764177;100;true
104318;N203WN;2025-02-15 17:03:49.881965;100;true
104459;N778SW;2025-02-15 17:03:49.990789;100;true
104600;N263WN;2025-02-15 17:03:50.105114;100;true
104741;N902WN;2025-02-15 17:03:50.210393;100;true
104882;N230WN;2025-02-15 17:03:50.324281;100;true
105023;N436WN;2025-02-15 17:03:50.436567;100;true
105164;N234WN;2025-02-15 17:03:50.552197;100;true
105305;N7860A;2025-02-15 17:03:50.669556;100;true
105446;N494WN;2025-02-15 17:03:50.782805;100;true
105587;N758SW;2025-02-15 17:03:50.900374;100;true
105728;N247WN;2025-02-15 17:03:51.012063;100;true
105869;N923WN;2025-02-15 17:03:51.126971;100;true
106010;N490WN;2025-02-15 17:03:51.240346;100;true
106151;N7867A;2025-02-15 17:03:51.355599;100;true
106292;N7706A;2025-02-15 17:03:51.494297;100;true
106433;N289CT;2025-02-15 17:03:51.622283;100;true
106574;N459WN;2025-02-15 17:03:51.766873;100;true
106715;N7886A;2025-02-15 17:03:51.901752;100;true
106856;N261WN;2025-02-15 17:03:52.101000;100;true
106997;N7854B;2025-02-15 17:03:52.221367;100;true
107138;N427WN;2025-02-15 17:03:52.340486;100;true
107279;N295WN;2025-02-15 17:03:52.449465;100;true
107420;N215WN;2025-02-15 17:03:52.566144;100;true
107561;N423WN;2025-02-15 17:03:52.677646;100;true
107702;N711HK;2025-02-15 17:03:52.796031;100;true
107843;N7888A;2025-02-15 17:03:52.911812;100;true
107984;N205WN;2025-02-15 17:03:53.040071;100;true
108125;N7747C;2025-02-15 17:03:53.161758;100;true
108266;N258WN;2025-02-15 17:03:53.271782;100;true
108407;N244WN;2025-02-15 17:03:53.389268;100;true
108548;N7710A;2025-02-15 17:03:53.496983;100;true
108689;N447WN;2025-02-15 17:03:53.614978;100;true
108830;N558WN;2025-02-15 17:03:53.732087;100;true
108971;N7740A;2025-02-15 17:03:53.842798;100;true
109112;N921WN;2025-02-15 17:03:53.953778;100;true
109253;N7887A;2025-02-15 17:03:54.072734;100;true
109394;N7839A;2025-02-15 17:03:54.189143;100;true
109535;N755SA;2025-02-15 17:03:54.311518;100;true
109676;N7856A;2025-02-15 17:03:54.420709;100;true
109817;N559WN;2025-02-15 17:03:54.538078;100;true
109958;N707SA;2025-02-15 17:03:54.650308;100;true
110099;N287WN;2025-02-15 17:03:54.765334;100;true
110240;N495WN;2025-02-15 17:03:54.882513;100;true
110381;N745SW;2025-02-15 17:03:54.999341;100;true
110522;N7702A;2025-02-15 17:03:55.111187;100;true
110663;N7853B;2025-02-15 17:03:55.225629;100;true
110804;N281WN;2025-02-15 17:03:55.339685;100;true
110945;N216WR;2025-02-15 17:03:55.455723;100;true
111086;N472WN;2025-02-15 17:03:55.573389;100;true
111227;N769SW;2025-02-15 17:03:55.680478;100;true
111368;N414WN;2025-02-15 17:03:55.795954;100;true
111509;N7832A;2025-02-15 17:03:55.903228;100;true
111650;N7729A;2025-02-15 17:03:56.020991;100;true
111791;N7825A;2025-02-15 17:03:56.138781;100;true
111932;N408WN;2025-02-15 17:03:56.247838;100;true
112073;N430WN;2025-02-15 17:03:56.370281;100;true
112214;N448WN;2025-02-15 17:03:56.481367;100;true
112355;N7739A;2025-02-15 17:03:56.596045;100;true
112496;N732SW;2025-02-15 17:03:56.718186;100;true
112637;N709SW;2025-02-15 17:03:56.835129;100;true
112778;N7866A;2025-02-15 17:03:56.955575;100;true
112919;N470WN;2025-02-15 17:03:57.070697;100;true
113060;N7814B;2025-02-15 17:03:57.186808;100;true
113201;N200WN;2025-02-15 17:03:57.300425;100;true
113342;N435WN;2025-02-15 17:03:57.416550;100;true
113483;N202WN;2025-02-15 17:03:57.527166;100;true
113624;N7864B;2025-02-15 17:03:57.641759;100;true
113765;N217JC;2025-02-15 17:03:57.749382;100;true
113906;N553WN;2025-02-15 17:03:57.858497;100;true
114047;N402WN;2025-02-15 17:03:57.975560;100;true
114188;N486WN;2025-02-15 17:03:58.085526;100;true
114329;N712SW;2025-02-15 17:03:58.199260;100;true
114470;N903WN;2025-02-15 17:03:58.305173;100;true
114611;N236WN;2025-02-15 17:03:58.422499;100;true
114752;N252WN;2025-02-15 17:03:58.532696;100;true
114893;N461WN;2025-02-15 17:03:58.655537;100;true
115034;N746SW;2025-02-15 17:03:58.764205;100;true
115175;N282WN;2025-02-15 17:03:58.878814;100;true
115316;N7824A;2025-02-15 17:03:58.996961;100;true
115457;N7819A;2025-02-15 17:03:59.111037;100;true
115598;N749SW;2025-02-15 17:03:59.264891;100;true
115739;N270WN;2025-02-15 17:03:59.408757;100;true
115880;N788SA;2025-02-15 17:03:59.546406;100;true
116021;N7829B;2025-02-15 17:03:59.675099;100;true
116162;N7736A;2025-02-15 17:03:59.790806;100;true
116303;N440LV;2025-02-15 17:03:59.922342;100;true
116444;N237WN;2025-02-15 17:04:00.089096;100;true
116585;N478WN;2025-02-15 17:04:00.204686;100;true
116726;N7812G;2025-02-15 17:04:00.319563;100;true
116867;N7849A;2025-02-15 17:04:00.432149;100;true
117008;N7857B;2025-02-15 17:04:00.547749;100;true
117149;N480WN;2025-02-15 17:04:00.665568;100;true
117290;N223WN;2025-02-15 17:04:00.776353;100;true
117431;N456WN;2025-02-15 17:04:00.888745;100;true
117572;N7874B;2025-02-15 17:04:01.006429;100;true
117713;N743SW;2025-02-15 17:04:01.120547;100;true
117854;N254WN;2025-02-15 17:04:01.235633;100;true
117995;N916WN;2025-02-15 17:04:01.349301;100;true
118136;N7883A;2025-02-15 17:04:01.471513;100;true
118277;N7811F;2025-02-15 17:04:01.588423;100;true
118418;N437WN;2025-02-15 17:04:01.703658;100;true
118559;N562WN;2025-02-15 17:04:01.833161;100;true
118700;N222WN;2025-02-15 17:04:01.945388;100;true
118841;N260WN;2025-02-15 17:04:02.065742;100;true
118982;N268WN;2025-02-15 17:04:02.189614;100;true
119123;N473WN;2025-02-15 17:04:02.309713;100;true
119264;N797MX;2025-02-15 17:04:02.432200;100;true
119405;N477WN;2025-02-15 17:04:02.544466;100;true
119546;N429WN;2025-02-15 17:04:02.661215;100;true
119687;N219WN;2025-02-15 17:04:02.774897;100;true
119828;N466WN;2025-02-15 17:04:02.897891;100;true
119969;N7877H;2025-02-15 17:04:03.008530;100;true
120110;N483WN;2025-02-15 17:04:03.141906;100;true
120251;N706SW;2025-02-15 17:04:03.260000;100;true
120392;N265WN;2025-02-15 17:04:03.378970;100;true
120533;N7716A;2025-02-15 17:04:03.495112;100;true
120674;N772SW;2025-02-15 17:04:03.608769;100;true
120815;N756SA;2025-02-15 17:04:03.731558;100;true
120956;N713SW;2025-02-15 17:04:03.846427;100;true
121097;N7720F;2025-02-15 17:04:03.963502;100;true
121238;N419WN;2025-02-15 17:04:04.089086;100;true
121379;N798SW;2025-02-15 17:04:04.207972;100;true
121520;N7884G;2025-02-15 17:04:04.329974;100;true
121661;N7848A;2025-02-15 17:04:04.453296;100;true
121802;N467WN;2025-02-15 17:04:04.566413;100;true
121943;N918WN;2025-02-15 17:04:04.688625;100;true
122084;N733SA;2025-02-15 17:04:04.810680;100;true
122225;N453WN;2025-02-15 17:04:04.933438;100;true
122366;N403WN;2025-02-15 17:04:05.047807;100;true
122507;N444WN;2025-02-15 17:04:05.160984;100;true
122648;N7840A;2025-02-15 17:04:05.275386;100;true
122789;N750SA;2025-02-15 17:04:05.392877;100;true
122930;N748SW;2025-02-15 17:04:05.505668;100;true
123071;N428WN;2025-02-15 17:04:05.627940;100;true
123212;N454WN;2025-02-15 17:04:05.743299;100;true
123353;N569WN;2025-02-15 17:04:05.863371;100;true
123494;N723SW;2025-02-15 17:04:05.980522;100;true
123635;N913WN;2025-02-15 17:04:06.096777;100;true
123776;N7818L;2025-02-15 17:04:06.203129;100;true
123917;N714CB;2025-02-15 17:04:06.333825;100;true
124058;N7838A;2025-02-15 17:04:06.465103;100;true
124199;N765SW;2025-02-15 17:04:06.588195;100;true
124340;N560WN;2025-02-15 17:04:06.706480;100;true
124481;N703SW;2025-02-15 17:04:06.839482;100;true
124622;N710SW;2025-02-15 17:04:06.976508;100;true
124763;N777QC;2025-02-15 17:04:07.125998;100;true
124904;N757LV;2025-02-15 17:04:07.273277;100;true
125045;N775SW;2025-02-15 17:04:07.388740;100;true
125186;N7836A;2025-02-15 17:04:07.513810;100;true
125327;N776WN;2025-02-15 17:04:07.630269;100;true
125468;N779SW;2025-02-15 17:04:07.746202;100;true
125609;N735SA;2025-02-15 17:04:07.872020;100;true
125750;N747SA;2025-02-15 17:04:07.987262;100;true
125891;N774SW;2025-02-15 17:04:08.108003;100;true
126032;N720WN;2025-02-15 17:04:08.268741;100;true
126173;N701GS;2025-02-15 17:04:08.382011;100;true
126314;N705SW;2025-02-15 17:04:08.504619;100;true
126455;N724SW;2025-02-15 17:04:08.618526;100;true
126596;N781WN;2025-02-15 17:04:08.730790;100;true
126737;N719SW;2025-02-15 17:04:08.848602;100;true
126878;N752SW;2025-02-15 17:04:08.974065;100;true
127019;N557WN;2025-02-15 17:04:09.087702;100;true
127160;N728SW;2025-02-15 17:04:09.200458;100;true
127301;N726SW;2025-02-15 17:04:09.311480;100;true
127442;N704SW;2025-02-15 17:04:09.426398;100;true
127583;N926WN;2025-02-15 17:04:09.551558;100;true
127724;N961WN;2025-02-15 17:04:09.665570;100;true
127865;N7743B;2025-02-15 17:04:09.782445;100;true
128006;N964WN;2025-02-15 17:04:09.903668;100;true
128147;N7751A;2025-02-15 17:04:10.013737;100;true
128288;N946WN;2025-02-15 17:04:10.135063;100;true
128429;N933WN;2025-02-15 17:04:10.249765;100;true
128570;N967WN;2025-02-15 17:04:10.373241;100;true
128711;N956WN;2025-02-15 17:04:10.491433;100;true
128852;N943WN;2025-02-15 17:04:10.606776;100;true
128993;N955WN;2025-02-15 17:04:10.724193;100;true
129134;N942WN;2025-02-15 17:04:10.838459;100;true
129275;N927WN;2025-02-15 17:04:10.956079;100;true
129416;N929WN;2025-02-15 17:04:11.063465;100;true
129557;N953WN;2025-02-15 17:04:11.184150;100;true
129698;N947WN;2025-02-15 17:04:11.300776;100;true
129839;N968WN;2025-02-15 17:04:11.414084;100;true
129980;N934WN;2025-02-15 17:04:11.528085;100;true
130121;N937WN;2025-02-15 17:04:11.641065;100;true
130262;N966WN;2025-02-15 17:04:11.758381;100;true
130403;N944WN;2025-02-15 17:04:11.874008;100;true
130544;N556WN;2025-02-15 17:04:11.998342;100;true
130685;N952WN;2025-02-15 17:04:12.124638;100;true
130826;N954WN;2025-02-15 17:04:12.242058;100;true
130967;N941WN;2025-02-15 17:04:12.360981;100;true
131108;N957WN;2025-02-15 17:04:12.476311;100;true
131249;N963WN;2025-02-15 17:04:12.597324;100;true
131390;N958WN;2025-02-15 17:04:12.715560;100;true
131531;N951WN;2025-02-15 17:04:12.827823;100;true
131672;N949WN;2025-02-15 17:04:12.948137;100;true
131813;N969WN;2025-02-15 17:04:13.060203;100;true
131954;N931WN;2025-02-15 17:04:13.181971;100;true
132095;N945WN;2025-02-15 17:04:13.296796;100;true
132236;N7724A;2025-02-15 17:04:13.409561;100;true
132377;N7881A;2025-02-15 17:04:13.527422;100;true
132518;N959WN;2025-02-15 17:04:13.638994;100;true
132659;N938WN;2025-02-15 17:04:13.759103;100;true
132800;N7752B;2025-02-15 17:04:13.874118;100;true
132941;N930WN;2025-02-15 17:04:13.994375;100;true
133082;N7750A;2025-02-15 17:04:14.106664;100;true
133223;N936WN;2025-02-15 17:04:14.222842;100;true
133364;N935WN;2025-02-15 17:04:14.341098;100;true
133505;N928WN;2025-02-15 17:04:14.453177;100;true
133646;N940WN;2025-02-15 17:04:14.578305;100;true
133787;N960WN;2025-02-15 17:04:14.713327;100;true
133928;N962WN;2025-02-15 17:04:14.853386;100;true
134069;N965WN;2025-02-15 17:04:15.002591;100;true
134210;N932WN;2025-02-15 17:04:15.114856;100;true
134351;N950WN;2025-02-15 17:04:15.226349;100;true
134492;N948WN;2025-02-15 17:04:15.342322;100;true
134633;N212WN;2025-02-15 17:04:15.454546;100;true
134774;N406WN;2025-02-15 17:04:15.570519;100;true
134915;N7723E;2025-02-15 17:04:15.678284;100;true
135056;N764SW;2025-02-15 17:04:15.791235;100;true
135197;N7847A;2025-02-15 17:04:15.901409;100;true
135338;N476WN;2025-02-15 17:04:16.017793;100;true
135479;N439WN;2025-02-15 17:04:16.131981;100;true
135620;N925WN;2025-02-15 17:04:16.284829;100;true
135761;N7842A;2025-02-15 17:04:16.399266;100;true
135902;N7821L;2025-02-15 17:04:16.507641;100;true
136043;N433LV;2025-02-15 17:04:16.627375;100;true
136184;N7711N;2025-02-15 17:04:16.747984;100;true
136325;N939WN;2025-02-15 17:04:16.857167;100;true
136466;N482WN;2025-02-15 17:04:16.968248;100;true
136607;N255WN;2025-02-15 17:04:17.080481;100;true
136748;N209WN;2025-02-15 17:04:17.204482;100;true
136889;N770SA;2025-02-15 17:04:17.320032;100;true
137030;N7815L;2025-02-15 17:04:17.444963;100;true
137171;N460WN;2025-02-15 17:04:17.562363;100;true
137312;N787SA;2025-02-15 17:04:17.681360;100;true
137453;N262WN;2025-02-15 17:04:17.798798;100;true
137594;N907WN;2025-02-15 17:04:17.914057;100;true
137735;N409WN;2025-02-15 17:04:18.030631;100;true
137876;N235WN;2025-02-15 17:04:18.145025;100;true
138017;N763SW;2025-02-15 17:04:18.257273;100;true
138158;N229WN;2025-02-15 17:04:18.371932;100;true
138299;N7749B;2025-02-15 17:04:18.483184;100;true
138440;N498WN;2025-02-15 17:04:18.604154;100;true
138581;N417WN;2025-02-15 17:04:18.713939;100;true
138722;N449WN;2025-02-15 17:04:18.830988;100;true
138863;N493WN;2025-02-15 17:04:18.945610;100;true
139004;N7873A;2025-02-15 17:04:19.063317;100;true
139145;N7876A;2025-02-15 17:04:19.179992;100;true
139286;N434WN;2025-02-15 17:04:19.290982;100;true
139427;N555LV;2025-02-15 17:04:19.408049;100;true
139568;N248WN;2025-02-15 17:04:19.519763;100;true
139709;N7732A;2025-02-15 17:04:19.640496;100;true
139850;N924WN;2025-02-15 17:04:19.764716;100;true
139991;N912WN;2025-02-15 17:04:19.882794;100;true
140132;N7705A;2025-02-15 17:04:19.998229;100;true
140273;N499WN;2025-02-15 17:04:20.109703;100;true
140414;N211WN;2025-02-15 17:04:20.229775;100;true
140555;N7869A;2025-02-15 17:04:20.341055;100;true
140696;N455WN;2025-02-15 17:04:20.456884;100;true
140837;N469WN;2025-02-15 17:04:20.572220;100;true
140978;N7817J;2025-02-15 17:04:20.680816;100;true
141119;N228WN;2025-02-15 17:04:20.797709;100;true
141260;N496WN;2025-02-15 17:04:20.910294;100;true
141401;N767SW;2025-02-15 17:04:21.024926;100;true
141542;N786SW;2025-02-15 17:04:21.140469;100;true
141683;N424WN;2025-02-15 17:04:21.258460;100;true
141824;N7868K;2025-02-15 17:04:21.368630;100;true
141965;N201LV;2025-02-15 17:04:21.481519;100;true
142106;N7827A;2025-02-15 17:04:21.592842;100;true
142247;N7852A;2025-02-15 17:04:21.701764;100;true
142388;N463WN;2025-02-15 17:04:21.809551;100;true
142529;N734SA;2025-02-15 17:04:21.942226;100;true
142670;N243WN;2025-02-15 17:04:22.074246;100;true
142811;N795SW;2025-02-15 17:04:22.218158;100;true
142952;N716SW;2025-02-15 17:04:22.350524;100;true
143093;N789SW;2025-02-15 17:04:22.473197;100;true
143234;N783SW;2025-02-15 17:04:22.583260;100;true
143375;N773SA;2025-02-15 17:04:22.697810;100;true
143516;N7841A;2025-02-15 17:04:22.815363;100;true
143657;N7875A;2025-02-15 17:04:22.929855;100;true
143798;N220WN;2025-02-15 17:04:23.042952;100;true
143939;N267WN;2025-02-15 17:04:23.156971;100;true
144080;N286WN;2025-02-15 17:04:23.274268;100;true
144221;N426WN;2025-02-15 17:04:23.391454;100;true
144362;N700GS;2025-02-15 17:04:23.507524;100;true
144503;N7828A;2025-02-15 17:04:44.337852;100;true
144644;N7850B;2025-02-15 17:04:44.382315;100;true
144785;N488WN;2025-02-15 17:04:44.537043;100;true
144926;N405WN;2025-02-15 17:04:44.647993;100;true
145067;N7730A;2025-02-15 17:04:44.760099;100;true
145208;N206WN;2025-02-15 17:04:44.861404;100;true
145349;N550WN;2025-02-15 17:04:44.967230;100;true
145490;N411WN;2025-02-15 17:04:45.070145;100;true
145631;N565WN;2025-02-15 17:04:45.180522;100;true
145772;N7713A;2025-02-15 17:04:45.291688;100;true
145913;N487WN;2025-02-15 17:04:45.408693;100;true
146054;N904WN;2025-02-15 17:04:45.516514;100;true
146195;N7889A;2025-02-15 17:04:45.630987;100;true
146336;N225WN;2025-02-15 17:04:45.766343;100;true
146477;N239WN;2025-02-15 17:04:45.874440;100;true
146618;N7834A;2025-02-15 17:04:45.985110;100;true
146759;N291WN;2025-02-15 17:04:46.102817;100;true
146900;N276WN;2025-02-15 17:04:46.217745;100;true
147041;N901WN;2025-02-15 17:04:46.331754;100;true
147182;N7712G;2025-02-15 17:04:46.443374;100;true
147323;N298WN;2025-02-15 17:04:46.554122;100;true
147464;N457WN;2025-02-15 17:04:46.667718;100;true
147605;N294WN;2025-02-15 17:04:46.784541;100;true
147746;N438WN;2025-02-15 17:04:46.901032;100;true
147887;N285WN;2025-02-15 17:04:47.016740;100;true
148028;N231WN;2025-02-15 17:04:47.128512;100;true
148169;N905WN;2025-02-15 17:04:47.245155;100;true
148310;N922WN;2025-02-15 17:04:47.356574;100;true
148451;N416WN;2025-02-15 17:04:47.474971;100;true
148592;N481WN;2025-02-15 17:04:47.587852;100;true
148733;N793SA;2025-02-15 17:04:47.704298;100;true
148874;N283WN;2025-02-15 17:04:47.824421;100;true
149015;N7858A;2025-02-15 17:04:47.945281;100;true
149156;N418WN;2025-02-15 17:04:48.076303;100;true
149297;N909WN;2025-02-15 17:04:48.213556;100;true
149438;N7861J;2025-02-15 17:04:48.343796;100;true
149579;N919WN;2025-02-15 17:04:48.460324;100;true
149720;N7835A;2025-02-15 17:04:48.578407;100;true
149861;N227WN;2025-02-15 17:04:48.687216;100;true
150002;N431WN;2025-02-15 17:04:48.795303;100;true
150143;N475WN;2025-02-15 17:04:48.906887;100;true
150284;N210WN;2025-02-15 17:04:49.021383;100;true
150425;N796SW;2025-02-15 17:04:49.137949;100;true
150566;N277WN;2025-02-15 17:04:49.256821;100;true
150707;N458WN;2025-02-15 17:04:49.366734;100;true
150848;N917WN;2025-02-15 17:04:49.482764;100;true
150989;N442WN;2025-02-15 17:04:49.590816;100;true
151130;N552WN;2025-02-15 17:04:49.725578;100;true
151271;N214WN;2025-02-15 17:04:49.842439;100;true
151412;N299WN;2025-02-15 17:04:49.957098;100;true
151553;N7718B;2025-02-15 17:04:50.071250;100;true
151694;N551WN;2025-02-15 17:04:50.178972;100;true
151835;N554WN;2025-02-15 17:04:50.294011;100;true
151976;N7880D;2025-02-15 17:04:50.414808;100;true
152117;N7845A;2025-02-15 17:04:50.535026;100;true
152258;N7822A;2025-02-15 17:04:50.650115;100;true
152399;N280WN;2025-02-15 17:04:50.765783;100;true
152540;N253WN;2025-02-15 17:04:50.882080;100;true
152681;N246LV;2025-02-15 17:04:50.993126;100;true
152822;N7727A;2025-02-15 17:04:51.109848;100;true
152963;N7746C;2025-02-15 17:04:51.223666;100;true
153104;N497WN;2025-02-15 17:04:51.342575;100;true
153245;N404WN;2025-02-15 17:04:51.457450;100;true
153386;N7715E;2025-02-15 17:04:51.567226;100;true
153527;N297WN;2025-02-15 17:04:51.683429;100;true
153668;N296WN;2025-02-15 17:04:51.806190;100;true
153809;N7737E;2025-02-15 17:04:51.924125;100;true
153950;N7855A;2025-02-15 17:04:52.037128;100;true
154091;N233LV;2025-02-15 17:04:52.161085;100;true
154232;N906WN;2025-02-15 17:04:52.273676;100;true
154373;N7745A;2025-02-15 17:04:52.428946;100;true
154514;N7885A;2025-02-15 17:04:52.548176;100;true
154655;N290WN;2025-02-15 17:04:52.672322;100;true
154796;N7741C;2025-02-15 17:04:52.789005;100;true
154937;N293WN;2025-02-15 17:04:52.902507;100;true
155078;N7731A;2025-02-15 17:04:53.019209;100;true
155219;N443WN;2025-02-15 17:04:53.139299;100;true
155360;N736SA;2025-02-15 17:04:53.249837;100;true
155501;N245WN;2025-02-15 17:04:53.365677;100;true
155642;N226WN;2025-02-15 17:04:53.478702;100;true
155783;N782SA;2025-02-15 17:04:53.596689;100;true
155924;N920WN;2025-02-15 17:04:53.717878;100;true
156065;N464WN;2025-02-15 17:04:53.837311;100;true
156206;N7709A;2025-02-15 17:04:53.952256;100;true
156347;N232WN;2025-02-15 17:04:54.067370;100;true
156488;N452WN;2025-02-15 17:04:54.196779;100;true
156629;N238WN;2025-02-15 17:04:54.315629;100;true
156770;N780SW;2025-02-15 17:04:54.429496;100;true
156911;N741SA;2025-02-15 17:04:54.547234;100;true
157052;N271LV;2025-02-15 17:04:54.666907;100;true
157193;N218WN;2025-02-15 17:04:54.795957;100;true
157334;N790SW;2025-02-15 17:04:54.917536;100;true
157475;N7722B;2025-02-15 17:04:55.028897;100;true
157616;N564WN;2025-02-15 17:04:55.170562;100;true
157757;N900WN;2025-02-15 17:04:55.306898;100;true
157898;N421LV;2025-02-15 17:04:55.435134;100;true
158039;N7735A;2025-02-15 17:04:55.564110;100;true
158180;N474WN;2025-02-15 17:04:55.673609;100;true
158321;N7862A;2025-02-15 17:04:55.790989;100;true
158462;N7738A;2025-02-15 17:04:55.903200;100;true
158603;N489WN;2025-02-15 17:04:56.017759;100;true
158744;N570WN;2025-02-15 17:04:56.132300;100;true
158885;N768SW;2025-02-15 17:04:56.241866;100;true
159026;N279WN;2025-02-15 17:04:56.355330;100;true
159167;N7728D;2025-02-15 17:04:56.464100;100;true
159308;N410WN;2025-02-15 17:04:56.583160;100;true
159449;N7733B;2025-02-15 17:04:56.691712;100;true
159590;N794SW;2025-02-15 17:04:56.807505;100;true
159731;N7707C;2025-02-15 17:04:56.920100;100;true
159872;N400WN;2025-02-15 17:04:57.035428;100;true
160013;N7837A;2025-02-15 17:04:57.148637;100;true
160154;N744SW;2025-02-15 17:04:57.256406;100;true
160295;N224WN;2025-02-15 17:04:57.374143;100;true
160436;N242WN;2025-02-15 17:04:57.502203;100;true
160577;N213WN;2025-02-15 17:04:57.615039;100;true
160718;N269WN;2025-02-15 17:04:57.726592;100;true
160859;N422WN;2025-02-15 17:04:57.841359;100;true
161000;N445WN;2025-02-15 17:04:57.959899;100;true
161141;N7826B;2025-02-15 17:04:58.073544;100;true
161282;N207WN;2025-02-15 17:04:58.181780;100;true
161423;N284WN;2025-02-15 17:04:58.292763;100;true
161564;N7823A;2025-02-15 17:04:58.410784;100;true
161705;N407WN;2025-02-15 17:04:58.522121;100;true
161846;N450WN;2025-02-15 17:04:58.636096;100;true
161987;N792SW;2025-02-15 17:04:58.744053;100;true
162128;N791SW;2025-02-15 17:04:58.854884;100;true
162269;N7843A;2025-02-15 17:04:58.977188;100;true
162410;N278WN;2025-02-15 17:04:59.091434;100;true
162551;N273WN;2025-02-15 17:04:59.206336;100;true
162692;N7844A;2025-02-15 17:04:59.318761;100;true
162833;N7833A;2025-02-15 17:04:59.438511;100;true
162974;N257WN;2025-02-15 17:04:59.554681;100;true
163115;N7859B;2025-02-15 17:04:59.672406;100;true
163256;N727SW;2025-02-15 17:04:59.807303;100;true
163397;N7721E;2025-02-15 17:04:59.923020;100;true
163538;N274WN;2025-02-15 17:05:00.039767;100;true
163679;N717SA;2025-02-15 17:05:00.148192;100;true
163820;N462WN;2025-02-15 17:05:00.265503;100;true
163961;N401WN;2025-02-15 17:05:00.429289;100;true
164102;N7725A;2025-02-15 17:05:00.548635;100;true
164243;N729SW;2025-02-15 17:05:00.686910;100;true
164384;N241WN;2025-02-15 17:05:00.799160;100;true
164525;N7726A;2025-02-15 17:05:00.898568;100;true
164666;N799SW;2025-02-15 17:05:00.999071;100;true
164807;N910WN;2025-02-15 17:05:01.124283;100;true
164948;N914WN;2025-02-15 17:05:01.248784;100;true
165089;N250WN;2025-02-15 17:05:01.377151;100;true
165230;N441WN;2025-02-15 17:05:01.487674;100;true
165371;N738CB;2025-02-15 17:05:01.597108;100;true
165512;N7879A;2025-02-15 17:05:01.695392;100;true
165653;N432WN;2025-02-15 17:05:01.794284;100;true
165794;N492WN;2025-02-15 17:05:01.894292;100;true
165935;N251WN;2025-02-15 17:05:01.994648;100;true
166076;N7830A;2025-02-15 17:05:02.100983;100;true
166217;N760SW;2025-02-15 17:05:02.209639;100;true
166358;N563WN;2025-02-15 17:05:02.306154;100;true
166499;N7816B;2025-02-15 17:05:02.407573;100;true
166640;N715SW;2025-02-15 17:05:02.510920;100;true
166781;N7748A;2025-02-15 17:05:02.618617;100;true
166922;N7708E;2025-02-15 17:05:02.714336;100;true
167063;N7744A;2025-02-15 17:05:02.822558;100;true
167204;N7703A;2025-02-15 17:05:02.918761;100;true
167345;N468WN;2025-02-15 17:05:03.027344;100;true
167486;N484WN;2025-02-15 17:05:03.132105;100;true
167627;N7734H;2025-02-15 17:05:03.247471;100;true
167768;N479WN;2025-02-15 17:05:03.351777;100;true
167909;N785SW;2025-02-15 17:05:03.451819;100;true
168050;N240WN;2025-02-15 17:05:03.558226;100;true
168191;N731SA;2025-02-15 17:05:03.663216;100;true
168332;N412WN;2025-02-15 17:05:03.768345;100;true
168473;N413WN;2025-02-15 17:05:03.869110;100;true
168614;N7704B;2025-02-15 17:05:03.971598;100;true
168755;N7851A;2025-02-15 17:05:04.081046;100;true
168896;N485WN;2025-02-15 17:05:04.188297;100;true
169037;N742SW;2025-02-15 17:05:04.291336;100;true
169178;N275WN;2025-02-15 17:05:04.392778;100;true
169319;N7813P;2025-02-15 17:05:04.491418;100;true
169460;N425LV;2025-02-15 17:05:04.595957;100;true
169601;N718SW;2025-02-15 17:05:04.700352;100;true
169742;N915WN;2025-02-15 17:05:04.805150;100;true
169883;N784SW;2025-02-15 17:05:04.912966;100;true
170024;N751SW;2025-02-15 17:05:05.017600;100;true
170165;N7846A;2025-02-15 17:05:05.121285;100;true
170306;N7882B;2025-02-15 17:05:05.230214;100;true
170447;N208WN;2025-02-15 17:05:05.331705;100;true
170588;N7865A;2025-02-15 17:05:05.444211;100;true
170729;N256WN;2025-02-15 17:05:05.543431;100;true
170870;N754SW;2025-02-15 17:05:05.644815;100;true
171011;N908WN;2025-02-15 17:05:05.744301;100;true
171152;N737JW;2025-02-15 17:05:05.845319;100;true
171293;N561WN;2025-02-15 17:05:05.945821;100;true
171434;N204WN;2025-02-15 17:05:06.049518;100;true
171575;N249WN;2025-02-15 17:05:06.149800;100;true
171716;N566WN;2025-02-15 17:05:06.262981;100;true
171857;N7742B;2025-02-15 17:05:06.365625;100;true
171998;N7878A;2025-02-15 17:05:06.477216;100;true
172139;N762SW;2025-02-15 17:05:06.584896;100;true
172280;N288WN;2025-02-15 17:05:06.694368;100;true
172421;N259WN;2025-02-15 17:05:06.793534;100;true
172562;N266WN;2025-02-15 17:05:06.895030;100;true
172703;N730SW;2025-02-15 17:05:06.999440;100;true
172844;N568WN;2025-02-15 17:05:07.109317;100;true
172985;N415WN;2025-02-15 17:05:07.215371;100;true
173126;N451WN;2025-02-15 17:05:07.324155;100;true
173267;N739GB;2025-02-15 17:05:07.427795;100;true
173408;N465WN;2025-02-15 17:05:07.544458;100;true
173549;N771SA;2025-02-15 17:05:07.704328;100;true
173690;N7719A;2025-02-15 17:05:07.828850;100;true
173831;N7863A;2025-02-15 17:05:07.947394;100;true
173972;N740SW;2025-02-15 17:05:08.056654;100;true
174113;N420WN;2025-02-15 17:05:08.160228;100;true
174254;N446WN;2025-02-15 17:05:08.262713;100;true
174395;N7831B;2025-02-15 17:05:08.359404;100;true
174536;N221WN;2025-02-15 17:05:08.457132;100;true
174677;N272WN;2025-02-15 17:05:08.553659;100;true
174818;N292WN;2025-02-15 17:05:08.653216;100;true
174959;N567WN;2025-02-15 17:05:08.758635;100;true
175100;N7717D;2025-02-15 17:05:08.872719;100;true
175241;N7820L;2025-02-15 17:05:08.976690;100;true
175382;N264LV;2025-02-15 17:05:09.077370;100;true
175523;N491WN;2025-02-15 17:05:09.175215;100;true
175664;N725SW;2025-02-15 17:05:09.286220;100;true
175805;N203WN;2025-02-15 17:05:09.386671;100;true
175946;N778SW;2025-02-15 17:05:09.495673;100;true
176087;N263WN;2025-02-15 17:05:09.603842;100;true
176228;N902WN;2025-02-15 17:05:09.715760;100;true
176369;N230WN;2025-02-15 17:05:09.824792;100;true
176510;N436WN;2025-02-15 17:05:09.941578;100;true
176651;N234WN;2025-02-15 17:05:10.041540;100;true
176792;N7860A;2025-02-15 17:05:10.149655;100;true
176933;N494WN;2025-02-15 17:05:10.261843;100;true
177074;N758SW;2025-02-15 17:05:10.359491;100;true
177215;N247WN;2025-02-15 17:05:10.456579;100;true
177356;N923WN;2025-02-15 17:05:10.555792;100;true
177497;N490WN;2025-02-15 17:05:10.666085;100;true
177638;N7867A;2025-02-15 17:05:10.765861;100;true
177779;N7706A;2025-02-15 17:05:10.869869;100;true
177920;N289CT;2025-02-15 17:05:10.979491;100;true
178061;N459WN;2025-02-15 17:05:11.082499;100;true
178202;N7886A;2025-02-15 17:05:11.187018;100;true
178343;N261WN;2025-02-15 17:05:11.288787;100;true
178484;N7854B;2025-02-15 17:05:11.389841;100;true
178625;N427WN;2025-02-15 17:05:11.497694;100;true
178766;N295WN;2025-02-15 17:05:11.600299;100;true
178907;N215WN;2025-02-15 17:05:11.698838;100;true
179048;N423WN;2025-02-15 17:05:11.802204;100;true
179189;N711HK;2025-02-15 17:05:11.912971;100;true
179330;N7888A;2025-02-15 17:05:12.012588;100;true
179471;N205WN;2025-02-15 17:05:12.123997;100;true
179612;N7747C;2025-02-15 17:05:12.231035;100;true
179753;N258WN;2025-02-15 17:05:12.335449;100;true
179894;N244WN;2025-02-15 17:05:12.447275;100;true
180035;N7710A;2025-02-15 17:05:12.555386;100;true
180176;N447WN;2025-02-15 17:05:12.659968;100;true
180317;N558WN;2025-02-15 17:05:12.769286;100;true
180458;N7740A;2025-02-15 17:05:12.867407;100;true
180599;N921WN;2025-02-15 17:05:12.970958;100;true
180740;N7887A;2025-02-15 17:05:13.079273;100;true
180881;N7839A;2025-02-15 17:05:13.184522;100;true
181022;N755SA;2025-02-15 17:05:13.288729;100;true
181163;N7856A;2025-02-15 17:05:13.392506;100;true
181304;N559WN;2025-02-15 17:05:13.503719;100;true
181445;N707SA;2025-02-15 17:05:13.611549;100;true
181586;N287WN;2025-02-15 17:05:13.715020;100;true
181727;N495WN;2025-02-15 17:05:13.824151;100;true
181868;N745SW;2025-02-15 17:05:13.931634;100;true
182009;N7702A;2025-02-15 17:05:14.037484;100;true
182150;N7853B;2025-02-15 17:05:14.146569;100;true
182291;N281WN;2025-02-15 17:05:14.266881;100;true
182432;N216WR;2025-02-15 17:05:14.385737;100;true
182573;N472WN;2025-02-15 17:05:14.512295;100;true
182714;N769SW;2025-02-15 17:05:14.635792;100;true
182855;N414WN;2025-02-15 17:05:14.745771;100;true
182996;N7832A;2025-02-15 17:05:14.852929;100;true
183137;N7729A;2025-02-15 17:05:14.994060;100;true
183278;N7825A;2025-02-15 17:05:15.104187;100;true
183419;N408WN;2025-02-15 17:05:15.214799;100;true
183560;N430WN;2025-02-15 17:05:15.333143;100;true
183701;N448WN;2025-02-15 17:05:15.434400;100;true
183842;N7739A;2025-02-15 17:05:15.538113;100;true
183983;N732SW;2025-02-15 17:05:15.634168;100;true
184124;N709SW;2025-02-15 17:05:15.734161;100;true
184265;N7866A;2025-02-15 17:05:15.831767;100;true
184406;N470WN;2025-02-15 17:05:15.931846;100;true
184547;N7814B;2025-02-15 17:05:16.033654;100;true
184688;N200WN;2025-02-15 17:05:16.134281;100;true
184829;N435WN;2025-02-15 17:05:16.232696;100;true
184970;N202WN;2025-02-15 17:05:16.329475;100;true
185111;N7864B;2025-02-15 17:05:16.441217;100;true
185252;N217JC;2025-02-15 17:05:16.542552;100;true
185393;N553WN;2025-02-15 17:05:16.641901;100;true
185534;N402WN;2025-02-15 17:05:16.745701;100;true
185675;N486WN;2025-02-15 17:05:16.844615;100;true
185816;N712SW;2025-02-15 17:05:16.949424;100;true
185957;N903WN;2025-02-15 17:05:17.049764;100;true
186098;N236WN;2025-02-15 17:05:17.154698;100;true
186239;N252WN;2025-02-15 17:05:17.257158;100;true
186380;N461WN;2025-02-15 17:05:17.354477;100;true
186521;N746SW;2025-02-15 17:05:17.453497;100;true
186662;N282WN;2025-02-15 17:05:17.557225;100;true
186803;N7824A;2025-02-15 17:05:17.658090;100;true
186944;N7819A;2025-02-15 17:05:17.766940;100;true
187085;N749SW;2025-02-15 17:05:17.871135;100;true
187226;N270WN;2025-02-15 17:05:17.975671;100;true
187367;N788SA;2025-02-15 17:05:18.078512;100;true
187508;N7829B;2025-02-15 17:05:18.212831;100;true
187649;N7736A;2025-02-15 17:05:18.325033;100;true
187790;N440LV;2025-02-15 17:05:18.428109;100;true
187931;N237WN;2025-02-15 17:05:18.543794;100;true
188072;N478WN;2025-02-15 17:05:18.661041;100;true
188213;N7812G;2025-02-15 17:05:18.765108;100;true
188354;N7849A;2025-02-15 17:05:18.863296;100;true
188495;N7857B;2025-02-15 17:05:18.974015;100;true
188636;N480WN;2025-02-15 17:05:19.079010;100;true
188777;N223WN;2025-02-15 17:05:19.187562;100;true
188918;N456WN;2025-02-15 17:05:19.292928;100;true
189059;N7874B;2025-02-15 17:05:19.392576;100;true
189200;N743SW;2025-02-15 17:05:19.492024;100;true
189341;N254WN;2025-02-15 17:05:19.589924;100;true
189482;N916WN;2025-02-15 17:05:19.694794;100;true
189623;N7883A;2025-02-15 17:05:19.795500;100;true
189764;N7811F;2025-02-15 17:05:19.893263;100;true
189905;N437WN;2025-02-15 17:05:19.996524;100;true
190046;N562WN;2025-02-15 17:05:20.096408;100;true
190187;N222WN;2025-02-15 17:05:20.205612;100;true
190328;N260WN;2025-02-15 17:05:20.327609;100;true
190469;N268WN;2025-02-15 17:05:20.439619;100;true
190610;N473WN;2025-02-15 17:05:20.556325;100;true
190751;N797MX;2025-02-15 17:05:20.680653;100;true
190892;N477WN;2025-02-15 17:05:20.807874;100;true
191033;N429WN;2025-02-15 17:05:20.954177;100;true
191174;N219WN;2025-02-15 17:05:21.089566;100;true
191315;N466WN;2025-02-15 17:05:21.230948;100;true
191456;N7877H;2025-02-15 17:05:21.357335;100;true
191597;N483WN;2025-02-15 17:05:21.473255;100;true
191738;N706SW;2025-02-15 17:05:21.611544;100;true
191879;N265WN;2025-02-15 17:05:21.725565;100;true
192020;N7716A;2025-02-15 17:05:21.849667;100;true
192161;N772SW;2025-02-15 17:05:21.965414;100;true
192302;N756SA;2025-02-15 17:05:22.079747;100;true
192443;N713SW;2025-02-15 17:05:22.198191;100;true
192584;N7720F;2025-02-15 17:05:22.311970;100;true
192725;N419WN;2025-02-15 17:05:22.464857;100;true
192866;N798SW;2025-02-15 17:05:22.582647;100;true
193007;N7884G;2025-02-15 17:05:22.696378;100;true
193148;N7848A;2025-02-15 17:05:22.814247;100;true
193289;N467WN;2025-02-15 17:05:22.921669;100;true
193430;N918WN;2025-02-15 17:05:23.037408;100;true
193571;N733SA;2025-02-15 17:05:23.151705;100;true
193712;N453WN;2025-02-15 17:05:23.266541;100;true
193853;N403WN;2025-02-15 17:05:23.383887;100;true
193994;N444WN;2025-02-15 17:05:23.507776;100;true
194135;N7840A;2025-02-15 17:05:23.632236;100;true
194276;N750SA;2025-02-15 17:05:23.747843;100;true
194417;N748SW;2025-02-15 17:05:23.865131;100;true
194558;N428WN;2025-02-15 17:05:23.979274;100;true
194699;N454WN;2025-02-15 17:05:24.093396;100;true
194840;N569WN;2025-02-15 17:05:24.207242;100;true
194981;N723SW;2025-02-15 17:05:24.318837;100;true
195122;N913WN;2025-02-15 17:05:24.432067;100;true
195263;N7818L;2025-02-15 17:05:24.543366;100;true
195404;N714CB;2025-02-15 17:05:24.662738;100;true
195545;N7838A;2025-02-15 17:05:24.782468;100;true
195686;N765SW;2025-02-15 17:05:24.895656;100;true
195827;N560WN;2025-02-15 17:05:25.012949;100;true
195968;N703SW;2025-02-15 17:05:25.127192;100;true
196109;N710SW;2025-02-15 17:05:25.253502;100;true
196250;N777QC;2025-02-15 17:05:25.369697;100;true
196391;N757LV;2025-02-15 17:05:25.485969;100;true
196532;N775SW;2025-02-15 17:05:25.605243;100;true
196673;N7836A;2025-02-15 17:05:25.716665;100;true
196814;N776WN;2025-02-15 17:05:25.837623;100;true
196955;N779SW;2025-02-15 17:05:25.957139;100;true
197096;N735SA;2025-02-15 17:05:26.072504;100;true
197237;N747SA;2025-02-15 17:05:26.188623;100;true
197378;N774SW;2025-02-15 17:05:26.299371;100;true
197519;N720WN;2025-02-15 17:05:26.416090;100;true
197660;N701GS;2025-02-15 17:05:26.526285;100;true
197801;N705SW;2025-02-15 17:05:26.640820;100;true
197942;N724SW;2025-02-15 17:05:26.753804;100;true
198083;N781WN;2025-02-15 17:05:26.867471;100;true
198224;N719SW;2025-02-15 17:05:26.984139;100;true
198365;N752SW;2025-02-15 17:05:27.095846;100;true
198506;N557WN;2025-02-15 17:05:27.215823;100;true
198647;N728SW;2025-02-15 17:05:27.328699;100;true
198788;N726SW;2025-02-15 17:05:27.440107;100;true
198929;N704SW;2025-02-15 17:05:27.552598;100;true
199070;N926WN;2025-02-15 17:05:27.669306;100;true
199211;N961WN;2025-02-15 17:05:27.798297;100;true
199352;N7743B;2025-02-15 17:05:27.910594;100;true
199493;N964WN;2025-02-15 17:05:28.027852;100;true
199634;N7751A;2025-02-15 17:05:28.143350;100;true
199775;N946WN;2025-02-15 17:05:28.268023;100;true
199916;N933WN;2025-02-15 17:05:28.398443;100;true
200057;N967WN;2025-02-15 17:05:28.533281;100;true
200198;N956WN;2025-02-15 17:05:28.662975;100;true
200339;N943WN;2025-02-15 17:05:28.796353;100;true
200480;N955WN;2025-02-15 17:05:28.914157;100;true
200621;N942WN;2025-02-15 17:05:29.033186;100;true
200762;N927WN;2025-02-15 17:05:29.145752;100;true
200903;N929WN;2025-02-15 17:05:29.264333;100;true
201044;N953WN;2025-02-15 17:05:29.380732;100;true
201185;N947WN;2025-02-15 17:05:29.501058;100;true
201326;N968WN;2025-02-15 17:05:29.610317;100;true
201467;N934WN;2025-02-15 17:05:29.725473;100;true
201608;N937WN;2025-02-15 17:05:29.841994;100;true
201749;N966WN;2025-02-15 17:05:29.956144;100;true
201890;N944WN;2025-02-15 17:05:30.071613;100;true
202031;N556WN;2025-02-15 17:05:30.185887;100;true
202172;N952WN;2025-02-15 17:05:30.305933;100;true
202313;N954WN;2025-02-15 17:05:30.467794;100;true
202454;N941WN;2025-02-15 17:05:30.581487;100;true
202595;N957WN;2025-02-15 17:05:30.703086;100;true
202736;N963WN;2025-02-15 17:05:30.820084;100;true
202877;N958WN;2025-02-15 17:05:30.943484;100;true
203018;N951WN;2025-02-15 17:05:31.062200;100;true
203159;N949WN;2025-02-15 17:05:31.170692;100;true
203300;N969WN;2025-02-15 17:05:31.284488;100;true
203441;N931WN;2025-02-15 17:05:31.396511;100;true
203582;N945WN;2025-02-15 17:05:31.512611;100;true
203723;N7724A;2025-02-15 17:05:31.628322;100;true
203864;N7881A;2025-02-15 17:05:31.751691;100;true
204005;N959WN;2025-02-15 17:05:31.860239;100;true
204146;N938WN;2025-02-15 17:05:31.972520;100;true
204287;N7752B;2025-02-15 17:05:32.093783;100;true
204428;N930WN;2025-02-15 17:05:32.207520;100;true
204569;N7750A;2025-02-15 17:05:32.327948;100;true
204710;N936WN;2025-02-15 17:05:32.444405;100;true
204851;N935WN;2025-02-15 17:05:32.562218;100;true
204992;N928WN;2025-02-15 17:05:32.683396;100;true
205133;N940WN;2025-02-15 17:05:32.800700;100;true
205274;N960WN;2025-02-15 17:05:32.924779;100;true
205415;N962WN;2025-02-15 17:05:33.043780;100;true
205556;N965WN;2025-02-15 17:05:33.162906;100;true
205697;N932WN;2025-02-15 17:05:33.281606;100;true
205838;N950WN;2025-02-15 17:05:33.408917;100;true
205979;N948WN;2025-02-15 17:05:33.522822;100;true
206120;N212WN;2025-02-15 17:05:33.639440;100;true
206261;N406WN;2025-02-15 17:05:33.767474;100;true
206402;N7723E;2025-02-15 17:05:33.887866;100;true
206543;N764SW;2025-02-15 17:05:34.002549;100;true
206684;N7847A;2025-02-15 17:05:34.122370;100;true
206825;N476WN;2025-02-15 17:05:34.238579;100;true
206966;N439WN;2025-02-15 17:05:34.354199;100;true
207107;N925WN;2025-02-15 17:05:34.481037;100;true
207248;N7842A;2025-02-15 17:05:34.594631;100;true
207389;N7821L;2025-02-15 17:05:34.724592;100;true
207530;N433LV;2025-02-15 17:05:34.852508;100;true
207671;N7711N;2025-02-15 17:05:34.978585;100;true
207812;N939WN;2025-02-15 17:05:35.100472;100;true
207953;N482WN;2025-02-15 17:05:35.213757;100;true
208094;N255WN;2025-02-15 17:05:35.339409;100;true
208235;N209WN;2025-02-15 17:05:35.485436;100;true
208376;N770SA;2025-02-15 17:05:35.633825;100;true
208517;N7815L;2025-02-15 17:05:35.778024;100;true
208658;N460WN;2025-02-15 17:05:35.905192;100;true
208799;N787SA;2025-02-15 17:05:36.019210;100;true
208940;N262WN;2025-02-15 17:05:36.156107;100;true
209081;N907WN;2025-02-15 17:05:36.279095;100;true
209222;N409WN;2025-02-15 17:05:36.399144;100;true
209363;N235WN;2025-02-15 17:05:36.523047;100;true
209504;N763SW;2025-02-15 17:05:36.634697;100;true
209645;N229WN;2025-02-15 17:05:36.753079;100;true
209786;N7749B;2025-02-15 17:05:36.867342;100;true
209927;N498WN;2025-02-15 17:05:36.990641;100;true
210068;N417WN;2025-02-15 17:05:37.104448;100;true
210209;N449WN;2025-02-15 17:05:37.221238;100;true
210350;N493WN;2025-02-15 17:05:37.341372;100;true
210491;N7873A;2025-02-15 17:05:37.462104;100;true
210632;N7876A;2025-02-15 17:05:37.582928;100;true
210773;N434WN;2025-02-15 17:05:37.695198;100;true
210914;N555LV;2025-02-15 17:05:37.812964;100;true
211055;N248WN;2025-02-15 17:05:37.934324;100;true
211196;N7732A;2025-02-15 17:05:38.048101;100;true
211337;N924WN;2025-02-15 17:05:38.174234;100;true
211478;N912WN;2025-02-15 17:05:38.288895;100;true
211619;N7705A;2025-02-15 17:05:38.408309;100;true
211760;N499WN;2025-02-15 17:05:38.531040;100;true
211901;N211WN;2025-02-15 17:05:38.693609;100;true
212042;N7869A;2025-02-15 17:05:38.812990;100;true
212183;N455WN;2025-02-15 17:05:38.933761;100;true
212324;N469WN;2025-02-15 17:05:39.050634;100;true
212465;N7817J;2025-02-15 17:05:39.189924;100;true
212606;N228WN;2025-02-15 17:05:39.308810;100;true
212747;N496WN;2025-02-15 17:05:39.426850;100;true
212888;N767SW;2025-02-15 17:05:39.545281;100;true
213029;N786SW;2025-02-15 17:05:39.660074;100;true
213170;N424WN;2025-02-15 17:05:39.782965;100;true
213311;N7868K;2025-02-15 17:05:39.895895;100;true
213452;N201LV;2025-02-15 17:05:40.013128;100;true
213593;N7827A;2025-02-15 17:05:40.134712;100;true
213734;N7852A;2025-02-15 17:05:40.256924;100;true
213875;N463WN;2025-02-15 17:05:40.383161;100;true
214016;N734SA;2025-02-15 17:05:40.501716;100;true
214157;N243WN;2025-02-15 17:05:40.618019;100;true
214298;N795SW;2025-02-15 17:05:40.740289;100;true
214439;N716SW;2025-02-15 17:05:40.854173;100;true
214580;N789SW;2025-02-15 17:05:40.980113;100;true
214721;N783SW;2025-02-15 17:05:41.098699;100;true
214862;N773SA;2025-02-15 17:05:41.222338;100;true
215003;N7841A;2025-02-15 17:05:41.344182;100;true
215144;N7875A;2025-02-15 17:05:41.457484;100;true
215285;N220WN;2025-02-15 17:05:41.578415;100;true
215426;N267WN;2025-02-15 17:05:41.696959;100;true
215567;N286WN;2025-02-15 17:05:41.822795;100;true
215708;N426WN;2025-02-15 17:05:41.944632;100;true
215849;N700GS;2025-02-15 17:05:42.065256;100;true
215990;N7828A;2025-02-15 17:13:43.368395;83.58358839561818;true
216131;N7850B;2025-02-15 17:13:44.028179;90.4104029267244;true
216272;N488WN;2025-02-15 17:13:44.519907;88.9230108050731;true
216413;N405WN;2025-02-15 17:13:45.025778;94.64833886928749;true
216554;N7730A;2025-02-15 17:13:45.493304;94.46952791015913;true
216695;N206WN;2025-02-15 17:13:45.964317;93.95981856244369;true
216836;N550WN;2025-02-15 17:13:46.436636;95.1764661074693;true
216977;N411WN;2025-02-15 17:13:46.923113;94.88757004317075;true
217118;N565WN;2025-02-15 17:13:47.427651;94.56825403278081;true
217259;N7713A;2025-02-15 17:13:47.898861;94.17772448550325;true
217400;N487WN;2025-02-15 17:13:48.380089;94.77911434160536;true
217541;N904WN;2025-02-15 17:13:48.865205;95.31366879865925;true
217682;N7889A;2025-02-15 17:13:49.403015;94.99474183595737;true
217823;N225WN;2025-02-15 17:13:49.909940;94.61307868820134;true
217964;N239WN;2025-02-15 17:13:50.396356;94.63186918248068;true
218105;N7834A;2025-02-15 17:13:50.958953;94.93428630588258;true
218246;N291WN;2025-02-15 17:13:51.625833;95.12440346681453;true
218387;N276WN;2025-02-15 17:13:52.099798;94.32465007161474;true
218528;N901WN;2025-02-15 17:13:52.575126;94.83147253018387;true
218669;N7712G;2025-02-15 17:13:53.055640;94.83521617904401;true
218810;N298WN;2025-02-15 17:13:53.529148;95.6995485504488;true
218951;N457WN;2025-02-15 17:13:54.002027;94.49468715425765;true
219092;N294WN;2025-02-15 17:13:54.508454;93.86904072061974;true
219233;N438WN;2025-02-15 17:13:54.980863;93.79497311277044;true
219374;N285WN;2025-02-15 17:13:55.464336;95.13088406764786;true
219515;N231WN;2025-02-15 17:13:55.941673;94.79700978394818;true
219656;N905WN;2025-02-15 17:13:56.417413;95.00590805871907;true
219797;N922WN;2025-02-15 17:13:56.902641;94.92581463200911;true
219938;N416WN;2025-02-15 17:13:57.388285;94.77510040528117;true
220079;N481WN;2025-02-15 17:13:57.877424;94.85026928351031;true
220220;N793SA;2025-02-15 17:13:58.338366;95.01716630043288;true
220361;N283WN;2025-02-15 17:13:58.868299;95.0502010141377;true
220502;N7858A;2025-02-15 17:13:59.360136;94.96255110165572;true
220643;N418WN;2025-02-15 17:13:59.836002;95.18103329790019;true
220784;N909WN;2025-02-15 17:14:00.320641;94.90727255039474;true
220925;N7861J;2025-02-15 17:14:00.803513;95.00872229574529;true
221066;N919WN;2025-02-15 17:14:01.267738;94.72966892223992;true
221207;N7835A;2025-02-15 17:14:01.739764;95.00885344632985;true
221348;N227WN;2025-02-15 17:14:02.208563;94.9924639000373;true
221489;N431WN;2025-02-15 17:14:02.704806;94.91091411101395;true
221630;N475WN;2025-02-15 17:14:03.196678;94.82926797423286;true
221771;N210WN;2025-02-15 17:14:03.672559;95.06443769055461;true
221912;N796SW;2025-02-15 17:14:04.488754;94.93536632655271;true
222053;N277WN;2025-02-15 17:14:04.966900;95.14222805258852;true
222194;N458WN;2025-02-15 17:14:05.433250;95.54242077778058;true
222335;N917WN;2025-02-15 17:14:06.030940;95.02959465462904;true
222476;N442WN;2025-02-15 17:14:06.703018;94.9928544110964;true
222617;N552WN;2025-02-15 17:14:07.185227;94.95448686994843;true
222758;N214WN;2025-02-15 17:14:07.690946;94.91514365069654;true
222899;N299WN;2025-02-15 17:14:08.151227;94.98046372103768;true
223040;N7718B;2025-02-15 17:14:08.628018;94.97474641394668;true
223181;N551WN;2025-02-15 17:14:09.172841;95.14573653639499;true
223322;N554WN;2025-02-15 17:14:09.659429;95.06133776376392;true
223463;N7880D;2025-02-15 17:14:10.140392;94.86197672647921;true
223604;N7845A;2025-02-15 17:14:10.619265;94.86643596372235;true
223745;N7822A;2025-02-15 17:14:11.112969;94.86937337041616;true
223886;N280WN;2025-02-15 17:14:11.592561;94.8521217854499;true
224027;N253WN;2025-02-15 17:14:12.065378;95.1998624523223;true
224168;N246LV;2025-02-15 17:14:12.539333;95.02007312833742;true
224309;N7727A;2025-02-15 17:14:13.010493;95.05617304505004;true
224450;N7746C;2025-02-15 17:14:13.505706;95.01797569387024;true
224591;N497WN;2025-02-15 17:14:13.988106;94.85493466542906;true
224732;N404WN;2025-02-15 17:14:14.470535;95.08886851178862;true
224873;N7715E;2025-02-15 17:14:14.955941;94.76311303888141;true
225014;N297WN;2025-02-15 17:14:15.445087;94.88995813869212;true
225155;N296WN;2025-02-15 17:14:15.936918;95.1850378719661;true
225296;N7737E;2025-02-15 17:14:16.420881;95.14280537303397;true
225437;N7855A;2025-02-15 17:14:16.895496;95.00674492474887;true
225578;N233LV;2025-02-15 17:14:17.380674;94.75378940524595;true
225719;N906WN;2025-02-15 17:14:17.866842;94.80166519398136;true
225860;N7745A;2025-02-15 17:14:18.336288;94.81671566957642;true
226001;N7885A;2025-02-15 17:14:18.819463;95.15962572533994;true
226142;N290WN;2025-02-15 17:14:19.292559;95.15750354958054;true
226283;N7741C;2025-02-15 17:14:19.770424;94.72995361582205;true
226424;N293WN;2025-02-15 17:14:20.252083;94.96023792232393;true
226565;N7731A;2025-02-15 17:14:20.745549;95.10531216408485;true
226706;N443WN;2025-02-15 17:14:21.557974;94.65797416459374;true
226847;N736SA;2025-02-15 17:14:22.046992;94.9990870156153;true
226988;N245WN;2025-02-15 17:14:22.544642;94.95350551279357;true
227129;N226WN;2025-02-15 17:14:23.030200;95.04689247766025;true
227270;N782SA;2025-02-15 17:14:23.514767;95.01425828730306;true
227411;N920WN;2025-02-15 17:14:23.983981;94.97235804792997;true
227552;N464WN;2025-02-15 17:14:24.470510;95.02745257961118;true
227693;N7709A;2025-02-15 17:14:24.972612;94.83723875477673;true
227834;N232WN;2025-02-15 17:14:25.456653;94.98597715059311;true
227975;N452WN;2025-02-15 17:14:25.945127;95.05632269710952;true
228116;N238WN;2025-02-15 17:14:26.434437;94.88733349927277;true
228257;N780SW;2025-02-15 17:14:26.936307;94.84689816933673;true
228398;N741SA;2025-02-15 17:14:27.404562;95.09038981053617;true
228539;N271LV;2025-02-15 17:14:27.893897;95.04223195232312;true
228680;N218WN;2025-02-15 17:14:28.363391;95.14621204808398;true
228821;N790SW;2025-02-15 17:14:28.841348;94.94566754316196;true
228962;N7722B;2025-02-15 17:14:29.314660;95.05541236160006;true
229103;N564WN;2025-02-15 17:14:29.793016;94.97667122782234;true
229244;N900WN;2025-02-15 17:14:30.271393;95.03148745701526;true
229385;N421LV;2025-02-15 17:14:30.737276;94.98289750231243;true
229526;N7735A;2025-02-15 17:14:31.223855;95.0688008595953;true
229667;N474WN;2025-02-15 17:14:31.776201;94.91995666484893;true
229808;N7862A;2025-02-15 17:14:32.278980;95.09029022370287;true
229949;N7738A;2025-02-15 17:14:32.772849;94.95722571926899;true
230090;N489WN;2025-02-15 17:14:33.237639;95.09012709353216;true
230231;N570WN;2025-02-15 17:14:33.711811;94.76855516991766;true
230372;N768SW;2025-02-15 17:14:34.194676;94.88587041639482;true
230513;N279WN;2025-02-15 17:14:34.682595;95.1257999325697;true
230654;N7728D;2025-02-15 17:14:35.163928;94.9497261834144;true
230795;N410WN;2025-02-15 17:14:35.643878;94.99411755305054;true
230936;N7733B;2025-02-15 17:14:36.298510;94.90998086646297;true
231077;N794SW;2025-02-15 17:14:36.921376;95.03911633053946;true
231218;N7707C;2025-02-15 17:14:37.408957;94.85268863078983;true
231359;N400WN;2025-02-15 17:14:37.890786;94.94766536171173;true
231500;N7837A;2025-02-15 17:14:38.369193;94.89037218720725;true
231641;N744SW;2025-02-15 17:14:38.858414;94.85913130204855;true
231782;N224WN;2025-02-15 17:14:39.345246;94.82638523779325;true
231923;N242WN;2025-02-15 17:14:39.823501;94.89570806563573;true
232064;N213WN;2025-02-15 17:14:40.301489;95.18361057390051;true
232205;N269WN;2025-02-15 17:14:40.795360;94.89680032230474;true
232346;N422WN;2025-02-15 17:14:41.323148;94.92493332400494;true
232487;N445WN;2025-02-15 17:14:41.837493;94.7029321804941;true
232628;N7826B;2025-02-15 17:14:42.320321;94.88020457445862;true
232769;N207WN;2025-02-15 17:14:42.797135;95.12933911488648;true
232910;N284WN;2025-02-15 17:14:43.289031;94.85820676642535;true
233051;N7823A;2025-02-15 17:14:43.763004;95.08268589086941;true
233192;N407WN;2025-02-15 17:14:44.246950;94.98793776973447;true
233333;N450WN;2025-02-15 17:14:44.743192;94.84777773948046;true
233474;N792SW;2025-02-15 17:14:45.226591;95.1749480791044;true
233615;N791SW;2025-02-15 17:14:45.713260;94.79718707348569;true
233756;N7843A;2025-02-15 17:14:46.184049;95.19552795244375;true
233897;N278WN;2025-02-15 17:14:46.669216;95.04482634156264;true
234038;N273WN;2025-02-15 17:14:47.146566;94.86501238505578;true
234179;N7844A;2025-02-15 17:14:47.637799;95.20922556228045;true
234320;N7833A;2025-02-15 17:14:48.115108;95.24522463292685;true
234461;N257WN;2025-02-15 17:14:48.593408;95.11924590545777;true
234602;N7859B;2025-02-15 17:14:49.072238;94.87295104730383;true
234743;N727SW;2025-02-15 17:14:49.540612;95.10104568495625;true
234884;N7721E;2025-02-15 17:14:50.016096;95.13933083368995;true
235025;N274WN;2025-02-15 17:14:50.514444;95.05635912180504;true
235166;N717SA;2025-02-15 17:14:51.108029;94.79569957665895;true
235307;N462WN;2025-02-15 17:14:51.846911;95.02425931355005;true
235448;N401WN;2025-02-15 17:14:52.360105;95.00212284450359;true
235589;N7725A;2025-02-15 17:14:52.848147;95.11222226276212;true
235730;N729SW;2025-02-15 17:14:53.333471;95.15335809564608;true
235871;N241WN;2025-02-15 17:14:53.823840;94.8831453120179;true
236012;N7726A;2025-02-15 17:14:54.321212;94.89559377112427;true
236153;N799SW;2025-02-15 17:14:54.808388;95.03260322261548;true
236294;N910WN;2025-02-15 17:14:55.286890;95.01326141391164;true
236435;N914WN;2025-02-15 17:14:55.771490;94.78831661797588;true
236576;N250WN;2025-02-15 17:14:56.257576;95.16245094288902;true
236717;N441WN;2025-02-15 17:14:56.749094;94.70203386439653;true
236858;N738CB;2025-02-15 17:14:57.251171;95.0283945554824;true
236999;N7879A;2025-02-15 17:14:57.736564;94.93222763845107;true
237140;N432WN;2025-02-15 17:14:58.218772;95.1532314700589;true
237281;N492WN;2025-02-15 17:14:58.708786;95.0441972373677;true
237422;N251WN;2025-02-15 17:14:59.193310;95.00499917042148;true
237563;N7830A;2025-02-15 17:14:59.677614;94.94538262312766;true
237704;N760SW;2025-02-15 17:15:00.150568;94.93107648772718;true
237845;N563WN;2025-02-15 17:15:00.631517;95.02875434732456;true
237986;N7816B;2025-02-15 17:15:01.123508;94.98213183471823;true
238127;N715SW;2025-02-15 17:15:01.678932;94.95977185549181;true
238268;N7748A;2025-02-15 17:15:02.164985;95.02205345942947;true
238409;N7708E;2025-02-15 17:15:02.652724;94.93601668910425;true
238550;N7744A;2025-02-15 17:15:03.159304;94.89280547607184;true
238691;N7703A;2025-02-15 17:15:03.643339;94.80237009341468;true
238832;N468WN;2025-02-15 17:15:04.135644;95.0793238793279;true
238973;N484WN;2025-02-15 17:15:04.627818;95.07319181693265;true
239114;N7734H;2025-02-15 17:15:05.114733;95.13481659150936;true
239255;N479WN;2025-02-15 17:15:05.592836;95.01772925184399;true
239396;N785SW;2025-02-15 17:15:06.199183;95.23401171938102;true
239537;N240WN;2025-02-15 17:15:06.861653;95.10997887548888;true
239678;N731SA;2025-02-15 17:15:07.352418;94.92208508164923;true
239819;N412WN;2025-02-15 17:15:07.837611;95.0237190428464;true
239960;N413WN;2025-02-15 17:15:08.312856;94.93296203448882;true
240101;N7704B;2025-02-15 17:15:08.803164;95.18962037063247;true
240242;N7851A;2025-02-15 17:15:09.279485;95.16921129838403;true
240383;N485WN;2025-02-15 17:15:09.754706;94.80851875137112;true
240524;N742SW;2025-02-15 17:15:10.229663;94.92265891829956;true
240665;N275WN;2025-02-15 17:15:10.712002;95.07069531584062;true
240806;N7813P;2025-02-15 17:15:11.190826;95.01710002102956;true
240947;N425LV;2025-02-15 17:15:11.748257;94.8175514663946;true
241088;N718SW;2025-02-15 17:15:12.225763;95.15479449704837;true
241229;N915WN;2025-02-15 17:15:12.705955;95.20941201036253;true
241370;N784SW;2025-02-15 17:15:13.202060;94.84007356021256;true
241511;N751SW;2025-02-15 17:15:13.690260;95.11896935644243;true
241652;N7846A;2025-02-15 17:15:14.198073;94.87891623352152;true
241793;N7882B;2025-02-15 17:15:14.671779;94.98198169930778;true
241934;N208WN;2025-02-15 17:15:15.154015;94.93446629967724;true
242075;N7865A;2025-02-15 17:15:15.649395;95.07074607190665;true
242216;N256WN;2025-02-15 17:15:16.127899;94.91364172845401;true
242357;N754SW;2025-02-15 17:15:16.596697;94.98521500326603;true
242498;N908WN;2025-02-15 17:15:17.076671;94.979257661344;true
242639;N737JW;2025-02-15 17:15:17.545799;94.95763940868905;true
242780;N561WN;2025-02-15 17:15:18.019430;94.86639121831254;true
242921;N204WN;2025-02-15 17:15:18.493266;95.09901650840199;true
243062;N249WN;2025-02-15 17:15:18.978597;94.9047445421052;true
243203;N566WN;2025-02-15 17:15:19.458423;95.29580241825445;true
243344;N7742B;2025-02-15 17:15:19.938454;95.10801186338927;true
243485;N7878A;2025-02-15 17:15:20.407086;94.7744277231723;true
243626;N762SW;2025-02-15 17:15:20.898398;95.23913925729937;true
243767;N288WN;2025-02-15 17:15:21.723661;94.88605124954249;true
243908;N259WN;2025-02-15 17:15:22.209643;94.9990757726884;true
244049;N266WN;2025-02-15 17:15:22.702456;95.02411308840269;true
244190;N730SW;2025-02-15 17:15:23.181314;94.79225160036532;true
244331;N568WN;2025-02-15 17:15:23.662283;94.94584249106556;true
244472;N415WN;2025-02-15 17:15:24.142334;94.80720443595045;true
244613;N451WN;2025-02-15 17:15:24.635444;95.15518795820894;true
244754;N739GB;2025-02-15 17:15:25.129126;95.0146431964553;true
244895;N465WN;2025-02-15 17:15:25.612412;94.69620289081513;true
245036;N771SA;2025-02-15 17:15:26.098205;95.09104242009201;true
245177;N7719A;2025-02-15 17:15:26.560237;95.09565773329497;true
245318;N7863A;2025-02-15 17:15:27.035811;95.18500798837061;true
245459;N740SW;2025-02-15 17:15:27.543339;95.09412980310812;true
245600;N420WN;2025-02-15 17:15:28.020433;94.95581527024599;true
245741;N446WN;2025-02-15 17:15:28.503079;95.11959407860734;true
245882;N7831B;2025-02-15 17:15:28.989225;95.24985964932064;true
246023;N221WN;2025-02-15 17:15:29.470896;95.16972244054601;true
246164;N272WN;2025-02-15 17:15:29.956134;94.770290197345;true
246305;N292WN;2025-02-15 17:15:30.434480;95.13134919766416;true
246446;N567WN;2025-02-15 17:15:30.914505;95.00999692678799;true
246587;N7717D;2025-02-15 17:15:31.390417;94.97261170778805;true
246728;N7820L;2025-02-15 17:15:31.934522;94.96667179439926;true
246869;N264LV;2025-02-15 17:15:32.415851;94.9891451893713;true
247010;N491WN;2025-02-15 17:15:32.893787;94.97728031519348;true
247151;N725SW;2025-02-15 17:15:33.379564;95.15010554499563;true
247292;N203WN;2025-02-15 17:15:33.862987;95.21742665601099;true
247433;N778SW;2025-02-15 17:15:34.346712;95.24332881216492;true
247574;N263WN;2025-02-15 17:15:34.824892;94.87389194992267;true
247715;N902WN;2025-02-15 17:15:35.298876;94.87163447624872;true
247856;N230WN;2025-02-15 17:15:35.795796;94.85442089296845;true
247997;N436WN;2025-02-15 17:15:36.490711;94.90021854275484;true
248138;N234WN;2025-02-15 17:15:37.070058;94.96300579261752;true
248279;N7860A;2025-02-15 17:15:37.567038;94.9492840131053;true
248420;N494WN;2025-02-15 17:15:38.044016;94.93201696677541;true
248561;N758SW;2025-02-15 17:15:38.517798;94.99788363986457;true
248702;N247WN;2025-02-15 17:15:39.001146;94.77524021405192;true
248843;N923WN;2025-02-15 17:15:39.477750;95.0861530372982;true
248984;N490WN;2025-02-15 17:15:39.954727;95.07077314456825;true
249125;N7867A;2025-02-15 17:15:40.437833;95.03136950825524;true
249266;N7706A;2025-02-15 17:15:40.929202;94.85761345531088;true
249407;N289CT;2025-02-15 17:15:41.418477;94.91644722881414;true
249548;N459WN;2025-02-15 17:15:41.900719;94.70010786516815;true
249689;N7886A;2025-02-15 17:15:42.438163;95.12447534617692;true
249830;N261WN;2025-02-15 17:15:42.919821;95.07357307803477;true
249971;N7854B;2025-02-15 17:15:43.395848;94.92076718646696;true
250112;N427WN;2025-02-15 17:15:43.876104;95.0130049049996;true
250253;N295WN;2025-02-15 17:15:44.360041;95.27587302528958;true
250394;N215WN;2025-02-15 17:15:44.839875;94.96591403270062;true
250535;N423WN;2025-02-15 17:15:45.328928;95.19125332795295;true
250676;N711HK;2025-02-15 17:15:45.830764;95.07427220513549;true
250817;N7888A;2025-02-15 17:15:46.314066;94.78886550509668;true
250958;N205WN;2025-02-15 17:15:46.797604;94.73993295963682;true
251099;N7747C;2025-02-15 17:15:47.280974;94.8804985265639;true
251240;N258WN;2025-02-15 17:15:47.768060;95.11276351615246;true
251381;N244WN;2025-02-15 17:15:48.254376;95.0179260458184;true
251522;N7710A;2025-02-15 17:15:48.745648;94.82074094638806;true
251663;N447WN;2025-02-15 17:15:49.228490;95.01682085941097;true
251804;N558WN;2025-02-15 17:15:49.718907;95.1514945803405;true
251945;N7740A;2025-02-15 17:15:50.189466;95.19221827998015;true
252086;N921WN;2025-02-15 17:15:50.675766;94.81525698809699;true
252227;N7887A;2025-02-15 17:15:51.263131;94.8607487882763;true
252368;N7839A;2025-02-15 17:15:52.011892;94.90936511823725;true
252509;N755SA;2025-02-15 17:15:52.511411;94.81877797657421;true
252650;N7856A;2025-02-15 17:15:52.985334;95.01801396681857;true
252791;N559WN;2025-02-15 17:15:53.476240;95.12694740125366;true
252932;N707SA;2025-02-15 17:15:53.955360;95.07027388011352;true
253073;N287WN;2025-02-15 17:15:54.428750;95.00328101417878;true
253214;N495WN;2025-02-15 17:15:54.909454;94.70079312433515;true
253355;N745SW;2025-02-15 17:15:55.394396;94.97282961712926;true
253496;N7702A;2025-02-15 17:15:55.889619;95.05312182061662;true
253637;N7853B;2025-02-15 17:15:56.372852;94.94468966458813;true
253778;N281WN;2025-02-15 17:15:56.848756;94.90689621219764;true
253919;N216WR;2025-02-15 17:15:57.324932;95.25859291864533;true
254060;N472WN;2025-02-15 17:15:57.803102;95.16071919543378;true
254201;N769SW;2025-02-15 17:15:58.286969;95.22954484491603;true
254342;N414WN;2025-02-15 17:15:58.769529;95.00345395098498;true
254483;N7832A;2025-02-15 17:15:59.257155;95.00080632473745;true
254624;N7729A;2025-02-15 17:15:59.744039;94.99862490917496;true
254765;N7825A;2025-02-15 17:16:00.230935;95.0639511234497;true
254906;N408WN;2025-02-15 17:16:00.714033;94.8169292210608;true
255047;N430WN;2025-02-15 17:16:01.211006;95.1041593566737;true
255188;N448WN;2025-02-15 17:16:01.698966;94.96867137536846;true
255329;N7739A;2025-02-15 17:16:02.216389;94.79329500050139;true
255470;N732SW;2025-02-15 17:16:02.725639;94.7900749936711;true
255611;N709SW;2025-02-15 17:16:03.213194;94.70679621153232;true
255752;N7866A;2025-02-15 17:16:03.688629;95.32983290582095;true
255893;N470WN;2025-02-15 17:16:04.167734;94.71542865385031;true
256034;N7814B;2025-02-15 17:16:04.645504;95.3071450272615;true
256175;N200WN;2025-02-15 17:16:05.120622;95.088304594307;true
256316;N435WN;2025-02-15 17:16:05.604841;95.03733345954811;true
256457;N202WN;2025-02-15 17:16:06.105180;95.1123031707193;true
256598;N7864B;2025-02-15 17:16:06.864600;94.98648379623644;true
256739;N217JC;2025-02-15 17:16:07.359315;94.83464736208734;true
256880;N553WN;2025-02-15 17:16:07.860004;94.95801618716786;true
257021;N402WN;2025-02-15 17:16:08.339144;95.12493883285053;true
257162;N486WN;2025-02-15 17:16:08.823683;95.0428579562756;true
257303;N712SW;2025-02-15 17:16:09.303479;94.75976018613802;true
257444;N903WN;2025-02-15 17:16:09.790960;95.4141112373018;true
257585;N236WN;2025-02-15 17:16:10.291108;94.85710118604815;true
257726;N252WN;2025-02-15 17:16:10.769277;94.92093721368136;true
257867;N461WN;2025-02-15 17:16:11.251163;94.92572612383606;true
258008;N746SW;2025-02-15 17:16:11.747897;94.80529671894367;true
258149;N282WN;2025-02-15 17:16:12.282348;94.84076922559017;true
258290;N7824A;2025-02-15 17:16:12.805582;94.67206495993156;true
258431;N7819A;2025-02-15 17:16:13.311647;95.00431695628106;true
258572;N749SW;2025-02-15 17:16:13.813890;95.00306354153867;true
258713;N270WN;2025-02-15 17:16:14.304140;94.81620554672713;true
258854;N788SA;2025-02-15 17:16:14.793002;95.1576500434317;true
258995;N7829B;2025-02-15 17:16:15.274445;94.71902155225729;true
259136;N7736A;2025-02-15 17:16:15.780482;95.14886497909202;true
259277;N440LV;2025-02-15 17:16:16.268113;95.05152777682368;true
259418;N237WN;2025-02-15 17:16:16.745630;95.01613337148746;true
259559;N478WN;2025-02-15 17:16:17.239052;95.17104834494167;true
259700;N7812G;2025-02-15 17:16:17.729341;94.90218882420803;true
259841;N7849A;2025-02-15 17:16:18.208325;95.30702170731972;true
259982;N7857B;2025-02-15 17:16:18.676676;94.84156969700854;true
260123;N480WN;2025-02-15 17:16:19.169040;95.04420412301329;true
260264;N223WN;2025-02-15 17:16:19.663798;95.00266088261219;true
260405;N456WN;2025-02-15 17:16:20.141680;95.00552102948208;true
260546;N7874B;2025-02-15 17:16:20.616846;94.90085940191405;true
260687;N743SW;2025-02-15 17:16:21.114702;95.11834492450892;true
260828;N254WN;2025-02-15 17:16:21.895185;94.89015867163792;true
260969;N916WN;2025-02-15 17:16:22.509685;95.08151438968646;true
261110;N7883A;2025-02-15 17:16:23.007334;94.90405170160942;true
261251;N7811F;2025-02-15 17:16:23.486900;94.89744792024352;true
261392;N437WN;2025-02-15 17:16:23.975125;94.89031843528596;true
261533;N562WN;2025-02-15 17:16:24.439472;94.78649795147096;true
261674;N222WN;2025-02-15 17:16:24.916781;95.03277676751799;true
261815;N260WN;2025-02-15 17:16:25.389346;94.99010405682888;true
261956;N268WN;2025-02-15 17:16:25.861951;95.00394673433442;true
262097;N473WN;2025-02-15 17:16:26.371627;94.97095213111226;true
262238;N797MX;2025-02-15 17:16:26.861034;94.98356504345305;true
262379;N477WN;2025-02-15 17:16:27.347652;94.7353250159737;true
262520;N429WN;2025-02-15 17:16:27.831061;94.96697107457058;true
262661;N219WN;2025-02-15 17:16:28.329953;95.24351917290694;true
262802;N466WN;2025-02-15 17:16:28.819404;95.00492364424795;true
262943;N7877H;2025-02-15 17:16:29.311318;94.97030697367494;true
263084;N483WN;2025-02-15 17:16:29.792287;94.91559278407192;true
263225;N706SW;2025-02-15 17:16:30.270301;95.21075899352199;true
263366;N265WN;2025-02-15 17:16:30.771691;95.45480830141034;true
263507;N7716A;2025-02-15 17:16:31.250477;95.0289335892207;true
263648;N772SW;2025-02-15 17:16:31.739383;95.29183082565903;true
263789;N756SA;2025-02-15 17:16:32.224942;94.99023936009175;true
263930;N713SW;2025-02-15 17:16:32.746850;95.05509815487021;true
264071;N7720F;2025-02-15 17:16:33.257377;94.6194961128196;true
264212;N419WN;2025-02-15 17:16:33.745332;95.15705890466819;true
264353;N798SW;2025-02-15 17:16:34.226834;94.87069979242037;true
264494;N7884G;2025-02-15 17:16:34.704260;95.1734551577943;true
264635;N7848A;2025-02-15 17:16:35.180038;94.77000081448526;true
264776;N467WN;2025-02-15 17:16:35.657508;95.07607406116263;true
264917;N918WN;2025-02-15 17:16:36.137466;94.89540381893805;true
265058;N733SA;2025-02-15 17:16:36.943218;95.01513927197422;true
265199;N453WN;2025-02-15 17:16:37.436334;95.09150363979042;true
265340;N403WN;2025-02-15 17:16:37.919690;95.24613320784881;true
265481;N444WN;2025-02-15 17:16:38.401938;94.9988910676535;true
265622;N7840A;2025-02-15 17:16:38.913227;95.01068130411383;true
265763;N750SA;2025-02-15 17:16:39.391702;95.06558003481732;true
265904;N748SW;2025-02-15 17:16:39.878988;95.04951648884199;true
266045;N428WN;2025-02-15 17:16:40.363381;95.24939916985369;true
266186;N454WN;2025-02-15 17:16:40.845579;94.91969268630305;true
266327;N569WN;2025-02-15 17:16:41.327241;95.10536109672863;true
266468;N723SW;2025-02-15 17:16:41.817727;94.89811629277003;true
266609;N913WN;2025-02-15 17:16:42.306390;94.92779934533895;true
266750;N7818L;2025-02-15 17:16:42.797290;94.92077475037252;true
266891;N714CB;2025-02-15 17:16:43.370797;95.15267921494919;true
267032;N7838A;2025-02-15 17:16:43.856269;95.1166199837672;true
267173;N765SW;2025-02-15 17:16:44.345776;95.28942175020376;true
267314;N560WN;2025-02-15 17:16:44.827875;94.79455902718409;true
267455;N703SW;2025-02-15 17:16:45.319355;94.98212887802491;true
267596;N710SW;2025-02-15 17:16:45.802911;94.7015739293336;true
267737;N777QC;2025-02-15 17:16:46.292049;94.93039375727724;true
267878;N757LV;2025-02-15 17:16:46.787573;94.94314810701809;true
268019;N775SW;2025-02-15 17:16:47.272564;94.96288669282866;true
268160;N7836A;2025-02-15 17:16:47.771524;95.18396779141032;true
268301;N776WN;2025-02-15 17:16:48.250773;95.04953962708782;true
268442;N779SW;2025-02-15 17:16:48.731725;95.14679225020231;true
268583;N735SA;2025-02-15 17:16:49.214188;94.93191125302502;true
268724;N747SA;2025-02-15 17:16:49.694034;94.94425632727517;true
268865;N774SW;2025-02-15 17:16:50.170700;95.15504380022058;true
269006;N720WN;2025-02-15 17:16:50.658985;95.01186941279425;true
269147;N701GS;2025-02-15 17:16:51.135547;94.74701145831096;true
269288;N705SW;2025-02-15 17:16:51.923699;95.08619331726536;true
269429;N724SW;2025-02-15 17:16:52.509644;94.99715132618161;true
269570;N781WN;2025-02-15 17:16:53.003391;94.71807397244955;true
269711;N719SW;2025-02-15 17:16:53.473521;95.07676962501588;true
269852;N752SW;2025-02-15 17:16:53.953938;94.89623454968371;true
269993;N557WN;2025-02-15 17:16:54.426073;95.23823493114055;true
270134;N728SW;2025-02-15 17:16:54.927956;94.86663232736383;true
270275;N726SW;2025-02-15 17:16:55.405844;94.9750440987784;true
270416;N704SW;2025-02-15 17:16:55.882614;94.97215117377544;true
270557;N926WN;2025-02-15 17:16:56.359652;95.05701316328496;true
270698;N961WN;2025-02-15 17:16:56.839050;94.72134321084819;true
270839;N7743B;2025-02-15 17:16:57.315086;94.799881371339;true
270980;N964WN;2025-02-15 17:16:57.791656;95.13021763451582;true
271121;N7751A;2025-02-15 17:16:58.278143;94.89308979444844;true
271262;N946WN;2025-02-15 17:16:58.756944;94.87703009843104;true
271403;N933WN;2025-02-15 17:16:59.247037;95.298134278969;true
271544;N967WN;2025-02-15 17:16:59.727949;95.0513547678569;true
271685;N956WN;2025-02-15 17:17:00.212064;95.14272913233702;true
271826;N943WN;2025-02-15 17:17:00.701971;95.31114065388599;true
271967;N955WN;2025-02-15 17:17:01.197059;95.09127821213313;true
272108;N942WN;2025-02-15 17:17:01.689566;94.96419364448965;true
272249;N927WN;2025-02-15 17:17:02.161141;94.99709091791462;true
272390;N929WN;2025-02-15 17:17:02.683074;94.7619034795584;true
272531;N953WN;2025-02-15 17:17:03.193034;95.05462620565375;true
272672;N947WN;2025-02-15 17:17:03.674394;95.0079755805582;true
272813;N968WN;2025-02-15 17:17:04.159637;94.9841052058284;true
272954;N934WN;2025-02-15 17:17:04.637477;95.00194210050861;true
273095;N937WN;2025-02-15 17:17:05.121621;94.929487765022;true
273236;N966WN;2025-02-15 17:17:05.606716;95.01798374148653;true
273377;N944WN;2025-02-15 17:17:06.090377;95.0082323262644;true
273518;N556WN;2025-02-15 17:17:06.849682;94.69397732287334;true
273659;N952WN;2025-02-15 17:17:07.376600;94.87704844794767;true
273800;N954WN;2025-02-15 17:17:07.872149;95.18086505561823;true
273941;N941WN;2025-02-15 17:17:08.364273;95.0131617152835;true
274082;N957WN;2025-02-15 17:17:08.848147;95.0037809671734;true
274223;N963WN;2025-02-15 17:17:09.349978;95.06206443710524;true
274364;N958WN;2025-02-15 17:17:09.843140;94.94703250128063;true
274505;N951WN;2025-02-15 17:17:10.331659;94.85434462260231;true
274646;N949WN;2025-02-15 17:17:10.819986;94.77731167850328;true
274787;N969WN;2025-02-15 17:17:11.308407;94.95154157774309;true
274928;N931WN;2025-02-15 17:17:11.788015;95.09641416411657;true
275069;N945WN;2025-02-15 17:17:12.283428;95.14207507845093;true
275210;N7724A;2025-02-15 17:17:12.763241;94.90723296999188;true
275351;N7881A;2025-02-15 17:17:13.317035;94.97638786784083;true
275492;N959WN;2025-02-15 17:17:13.791139;94.84558756245545;true
275633;N938WN;2025-02-15 17:17:14.277064;95.17570760649907;true
275774;N7752B;2025-02-15 17:17:14.761367;94.88715322250903;true
275915;N930WN;2025-02-15 17:17:15.248372;95.02977734931952;true
276056;N7750A;2025-02-15 17:17:15.723446;95.01416506430843;true
276197;N936WN;2025-02-15 17:17:16.205827;94.91911710300802;true
276338;N935WN;2025-02-15 17:17:16.678396;94.80832300808267;true
276479;N928WN;2025-02-15 17:17:17.158613;95.11801101611928;true
276620;N940WN;2025-02-15 17:17:17.659928;95.0155566315992;true
276761;N960WN;2025-02-15 17:17:18.136897;95.14033350773198;true
276902;N962WN;2025-02-15 17:17:18.612517;95.01396490874859;true
277043;N965WN;2025-02-15 17:17:19.094906;95.16219249728812;true
277184;N932WN;2025-02-15 17:17:19.589293;94.9499447695472;true
277325;N950WN;2025-02-15 17:17:20.069342;94.99422985423575;true
277466;N948WN;2025-02-15 17:17:20.549223;94.90626482651598;true
277607;N212WN;2025-02-15 17:17:21.012483;94.97556007522655;true
277748;N406WN;2025-02-15 17:17:21.715359;94.85754137036568;true
277889;N7723E;2025-02-15 17:17:22.372567;95.15447328214722;true
278030;N764SW;2025-02-15 17:17:22.853255;95.14264490515322;true
278171;N7847A;2025-02-15 17:17:23.337397;95.09642081971644;true
278312;N476WN;2025-02-15 17:17:23.840024;95.00046326356886;true
278453;N439WN;2025-02-15 17:17:24.321607;95.08304918360814;true
278594;N925WN;2025-02-15 17:17:24.808142;95.0229698090015;true
278735;N7842A;2025-02-15 17:17:25.293443;94.9943702233194;true
278876;N7821L;2025-02-15 17:17:25.774709;94.89748108130237;true
279017;N433LV;2025-02-15 17:17:26.247624;95.06671944448037;true
279158;N7711N;2025-02-15 17:17:26.726108;95.23414997417075;true
279299;N939WN;2025-02-15 17:17:27.214698;95.00361056151785;true
279440;N482WN;2025-02-15 17:17:27.695594;95.09992366101653;true
279581;N255WN;2025-02-15 17:17:28.184919;94.87551148808956;true
279722;N209WN;2025-02-15 17:17:28.670123;95.1559395396321;true
279863;N770SA;2025-02-15 17:17:29.159446;94.98205587079292;true
280004;N7815L;2025-02-15 17:17:29.646285;95.20502663986555;true
280145;N460WN;2025-02-15 17:17:30.123725;94.98094652736589;true
280286;N787SA;2025-02-15 17:17:30.597171;95.16613877942731;true
280427;N262WN;2025-02-15 17:17:31.075884;95.00988008871181;true
280568;N907WN;2025-02-15 17:17:31.551498;94.8527028665913;true
280709;N409WN;2025-02-15 17:17:32.036751;95.0458622581319;true
280850;N235WN;2025-02-15 17:17:32.608452;95.05889330274887;true
280991;N763SW;2025-02-15 17:17:33.104674;95.3084649659364;true
281132;N229WN;2025-02-15 17:17:33.587212;95.05948168540688;true
281273;N7749B;2025-02-15 17:17:34.070017;95.0311493893028;true
281414;N498WN;2025-02-15 17:17:34.544940;95.06382189035287;true
281555;N417WN;2025-02-15 17:17:35.029489;94.80638430001628;true
281696;N449WN;2025-02-15 17:17:35.506261;95.02845123966131;true
281837;N493WN;2025-02-15 17:17:35.980316;95.0746334130332;true
281978;N7873A;2025-02-15 17:17:36.562008;95.178221449332;true
282119;N7876A;2025-02-15 17:17:37.242258;94.99044640324658;true
282260;N434WN;2025-02-15 17:17:37.738601;95.2328768484368;true
282401;N555LV;2025-02-15 17:17:38.227384;94.946682615927;true
282542;N248WN;2025-02-15 17:17:38.716159;95.06750555448231;true
282683;N7732A;2025-02-15 17:17:39.202273;94.9432205041317;true
282824;N924WN;2025-02-15 17:17:39.686819;95.05917930977691;true
282965;N912WN;2025-02-15 17:17:40.186370;95.01823723018418;true
283106;N7705A;2025-02-15 17:17:40.673408;95.0914249650434;true
283247;N499WN;2025-02-15 17:17:41.142630;95.0638128967304;true
283388;N211WN;2025-02-15 17:17:41.621873;94.93460039810482;true
283529;N7869A;2025-02-15 17:17:42.099618;95.07655053267547;true
283670;N455WN;2025-02-15 17:17:42.649118;94.97110421080778;true
283811;N469WN;2025-02-15 17:17:43.167214;95.07654478694442;true
283952;N7817J;2025-02-15 17:17:43.651817;95.0176405937997;true
284093;N228WN;2025-02-15 17:17:44.133192;94.77349926503885;true
284234;N496WN;2025-02-15 17:17:44.612555;95.13443774521367;true
284375;N767SW;2025-02-15 17:17:45.096586;94.92355083448727;true
284516;N786SW;2025-02-15 17:17:45.571364;94.98331182314531;true
284657;N424WN;2025-02-15 17:17:46.047389;95.0667564324608;true
284798;N7868K;2025-02-15 17:17:46.522906;94.96320084585989;true
284939;N201LV;2025-02-15 17:17:47.009251;95.03548334033155;true
285080;N7827A;2025-02-15 17:17:47.494037;95.25902877598509;true
285221;N7852A;2025-02-15 17:17:47.976303;94.87198237615459;true
285362;N463WN;2025-02-15 17:17:48.463500;95.10556926667466;true
285503;N734SA;2025-02-15 17:17:48.967065;94.97915571898665;true
285644;N243WN;2025-02-15 17:17:49.437843;95.26027375090453;true
285785;N795SW;2025-02-15 17:17:49.919089;94.99777216959059;true
285926;N716SW;2025-02-15 17:17:50.401732;95.18450176844031;true
286067;N789SW;2025-02-15 17:17:50.966056;94.76759641028701;true
286208;N783SW;2025-02-15 17:17:51.850266;94.73371365168445;true
286349;N773SA;2025-02-15 17:17:52.363488;95.17615969851431;true
286490;N7841A;2025-02-15 17:17:52.883314;95.04093884165205;true
286631;N7875A;2025-02-15 17:17:53.402642;94.8261962433855;true
286772;N220WN;2025-02-15 17:17:53.910191;95.0575581694275;true
286913;N267WN;2025-02-15 17:17:54.547568;94.87902357379502;true
287054;N286WN;2025-02-15 17:17:55.313506;94.92821419686896;true
287195;N426WN;2025-02-15 17:17:55.872268;95.09461098502176;true
287336;N700GS;2025-02-15 17:17:56.392978;94.87581129351786;true
